sta_code_h3;hyd_q_mean;hyd_q_mean_yr;hyd_stream_elas;hyd_slope_fdc;hyd_bfi_ladson;hyd_bfi_lfstat;hyd_bfi_pelletier_pet_ou;hyd_hfd_mean;hyd_q_freq_high;hyd_q_dur_high;hyd_q_freq_low;hyd_q_dur_low;hyd_q_freq_zero;hyd_q_max;hyd_q_date_max;hyd_q_qmna_min;hyd_q_date_qmna
A105003001;0.85;311.136;1.4033;2.0058;0.56723;0.51341;0.34802;147.24;6.55769;1.7398;17.51923;5.29651;0;25.97;1983-05-25;3.51;2020-09
A107020001;0.7;254.059;2.176;2.8599;0.5632;0.53006;0.2156;142.79;7.15;1.7875;66.375;8.93939;0;23.14;1995-05-31;0.89;1993-08
A112020001;0.75;272.301;2.4236;3.2321;0.44951;0.3774;0.11553;133.51;15.5;2.13793;95.88889;9.69663;0;28.93;1983-05-25;0.84;1974-08
A116003002;0.82;300.739;1.5298;2.4741;0.5301;0.45926;0.24591;140.23;9.65101;1.97619;43.25513;6.5493;0;20.55;1983-05-26;2.13;1991-08
A140202001;4;1460.325;1.2172;2.7672;0.50286;0.44606;0.22687;136.58;8.16292;1.84146;62.41118;12.61749;0;104.56;1990-02-15;4.91;1992-08
A202030001;2.68;979.718;1.4138;2.4076;0.63052;0.62769;0.49146;141.33;3.16656;2.04615;27.30863;6.63006;0;58.44;1990-02-15;9.74;1991-08
A204010101;2.06;753.445;1.5243;2.7789;0.57808;0.54389;0.37757;140.58;6.30525;2.6;45.71309;7.25;0;42.51;1990-02-15;6.08;2003-08
A211030001;2.18;796.743;1.3393;2.3706;0.61187;0.59076;0.43158;141.67;2.73562;2.06667;28.56227;6.79021;0;29.72;1990-02-15;8.06;2003-08
A212020002;1.78;650.83;1.2945;2.1635;0.66059;0.64876;0.52724;148.91;1.88582;2;7.5433;6.13953;0;30.88;1990-02-15;8.98;2003-08
A231020001;1.19;435.675;1.7687;3.4607;0.52914;0.49623;0.13506;134.92;11.36801;3.27273;94.47028;9.83562;0;25.63;1990-02-15;0.94;2020-08
A234021001;1.4;512.882;1.48;2.6799;0.5526;0.52421;0.28957;137.78;7.58854;2.72535;51.15892;8.41613;0;48.39;1990-02-15;3.19;2003-08
A251020001;1.57;574.722;1.708;2.2169;0.65692;0.63823;0.44614;147.13;2.41667;2.32;11.72917;5.51961;0;36.4;1990-02-15;7.25;2018-10
A270011001;2.1;768.011;1.3234;2.1854;0.62545;0.60223;0.46141;141.48;3.03319;1.85714;19.16579;7.37179;0;29.31;1999-02-20;7.07;1991-08
A273011002;2.2;805.282;1.3623;2.401;0.63211;0.61248;0.49735;139.84;3.00012;2.01316;21.04006;7.4;0;36.48;1983-04-10;8.99;2020-08
A284020001;0.68;249.412;1.5403;1.7386;0.72016;0.7051;0.4906;156.54;1.2001;1.81818;1.68014;3;0;12.57;1983-04-10;4.51;2020-09
A330010001;0.73;267.096;1.6808;1.278;0.77041;0.76395;0.66021;158.76;1.07692;1.75;0;0;0;10.8;1970-05-11;8.33;1976-08
A361011001;0.8;291.596;0.9916;0.8943;0.85219;0.86123;0.74568;169.6;0.09677;1;0;0;0;7.42;1970-05-12;12.59;1993-08
A369011001;0.6;219.373;2.1544;1.8411;NA;NA;NA;154.65;1.47822;2.72;1.15214;2.12;0;5.99;2011-01-09;4.1;1976-08
A373020001;0.65;236.137;1.9338;2.8668;0.54117;0.48539;0.19476;137.8;10.82692;2.11654;67.38462;6.93861;0;34.08;1970-05-12;1.31;2020-08
A380020001;0.77;280.714;1.0863;0.9134;0.87175;0.89277;0.77426;174.87;0;0;0;0;0;5.02;1997-02-26;12.18;1993-08
A402061001;3.87;1412.246;1.3958;3.1868;0.47989;0.41791;0.21029;123.62;10.75484;2.2732;76.7959;12.80081;0;147.73;1990-02-15;3.69;2018-10
A405062001;3.74;1366.365;1.4079;2.9647;0.50366;0.44952;0.23265;129.18;9.56468;2.295;70.18268;11.53425;0;96.83;1995-01-24;3.79;1983-08
A414020202;3.94;1437.624;1.1434;2.6131;0.53368;0.46544;0.24671;135.47;5.5586;1.73394;50.43915;7.86697;0;50.14;1990-02-15;8.64;2003-08
A417301001;3.04;1111.075;1.0862;2.2947;0.60489;0.55424;0.40864;137.43;2.78719;1.48864;24.23369;8.31387;0;45.42;1995-01-25;9.16;2020-08
A420063001;3.26;1192.131;1.3343;2.7822;0.53191;0.48194;0.26836;131.78;6.64733;2.10559;64.49279;12.31835;0;70.98;1990-02-15;4.47;1976-08
A433301001;1.83;667.498;1.6328;1.9845;0.65347;0.63348;0.41988;139.39;1.7579;1.87097;25.30775;10.4375;0;21.99;1999-02-20;4.39;2019-09
A436203001;2.22;811.794;1.4818;2.4753;0.62001;0.59789;0.44601;135.28;2.09483;2.0303;36.67508;8.14583;0;22.94;1990-02-15;6.72;2003-09
A443064001;2.62;957.642;1.3424;2.4825;0.58414;0.54346;0.38426;137.08;3.61538;1.82524;41.94231;10.23944;0;43.26;1990-02-15;6.8;1976-08
A511061001;2.04;745.688;1.7887;2.6625;0.57738;0.53719;0.38669;132.48;4.37537;1.94444;46.37897;11.15789;0;33.09;2006-10-04;5.29;2003-08
A524201001;1.05;385.326;1.7241;3.0043;0.51013;0.442;0.30994;130.29;15.42272;1.93399;69.84965;10.78862;0;27.15;2021-07-15;2.3;2019-09
A526102003;1.04;379.46;1.7548;2.7483;0.50369;0.43488;0.32162;129.56;16.61111;2.10563;51.58333;9.14778;0;31.58;2001-12-30;3.27;1976-08
A542201001;0.83;303.934;2.3843;4.2605;0.40118;0.33393;0.05005;124.23;30.83038;3.20178;145.83713;21.44538;0;36.43;2001-12-30;0.21;1976-08
A543101001;0.91;333.259;1.658;3.192;0.47977;0.42121;0.28511;128.16;20.44056;2.65455;91.4425;10.85986;0;25.88;2001-12-30;1.79;2019-09
A550061001;1.51;550.656;1.448;2.8525;0.56794;0.5318;0.28238;130.91;5.2509;2.4;62.94827;12.28049;0;29.79;2006-10-04;2.87;2003-08
A605102001;1.73;632.333;1.2503;2.1969;0.62104;0.60096;0.44316;142.57;3.23077;2.24;21.30769;7.97122;0;32.63;1983-05-26;4.37;2003-08
A615103001;1.65;604.076;1.2577;2.1925;0.63858;0.61581;0.46317;140.78;1.53833;1.875;14.84485;7.61842;0;30.18;1983-04-10;7;2019-09
A662121202;1.43;521.217;1.3108;1.629;0.72335;0.7331;0.58527;152.37;0.94877;2.3125;1.84625;6.54545;0;18.18;2006-10-04;8.79;2003-08
A673122001;0.94;344.86;1.5272;2.2361;0.61224;0.57412;0.43358;141.12;5.11538;1.72727;22.36538;8.19014;0;22.92;2006-10-04;3.47;2019-09
A712201001;0.51;187.942;2.3908;4.0671;0.56319;0.58441;0.12123;139.47;21.70833;5.60215;117.25;26.42254;0;13.22;1983-05-26;0.19;1976-08
A764201001;0.78;283.436;1.7728;2.0482;NA;NA;NA;136.58;9.27181;2.98261;15.54313;8.84615;0;19.4;2001-12-30;2.45;1976-08
A788101001;0.64;234.988;2.3911;2.8244;0.52982;0.50498;0.26172;129.62;19.54698;5.78169;70.99769;12.37344;0;10.98;1997-02-26;1.22;1976-08
A807101001;0.77;282.233;1.6568;4.2644;0.41299;0.33712;0.06036;126.66;34.23921;4.06215;146.60002;23.32197;0;21.29;1993-12-21;0.1;2020-09
A843101001;0.84;307.729;1.9327;3.3707;0.53383;0.49215;0.31479;133.44;19.83269;3.65351;89.02091;16.04721;0;20.6;1993-12-21;0.9;1996-09
A850061001;1.11;404.128;1.6763;2.6842;0.60045;0.57553;0.36134;136.03;5.15845;3.0625;39.71482;5.78161;0;17.78;1983-04-11;3.79;2019-09
A901305050;1.39;507.211;1.0119;1.6063;0.75566;0.77034;0.61063;159.61;0.45849;2.2;0.02084;1;0;45.9;1983-05-27;11.88;2019-09
A907105050;0.88;319.995;1.6245;2.044;0.57442;0.51639;0.32928;140.41;10.59202;2.24138;17.59904;4.84615;0;23.39;1997-02-26;4.01;1976-09
A926000101;0.81;297.242;2.0489;2.2488;0.55854;0.51726;0.29;141.73;10.91913;2.37778;44.35004;9.0166;0;26.6;1970-05-12;0.59;1990-09
A931108050;0.85;311.81;1.9459;2.5834;0.53973;0.4839;0.33444;135.79;15.69199;3.08297;35.09583;6.74786;0;24.54;1993-12-21;2.58;1976-07
A932215050;0.76;278.215;0.4668;1.325;0.80788;0.81197;0.63586;162;0.13336;2;0;0;0;7.54;1997-02-25;7.9;2004-04
A975201001;0.62;227.924;2.1242;2.9849;0.46273;0.39561;0.19792;125.6;29.32885;4.79468;93.49879;12.33129;0;19.52;1983-05-27;1.45;2020-08
A983201001;0.89;324.505;2.9265;3.5097;0.43818;0.37632;0.09432;121.97;30.56498;6.57595;118.55328;16.86192;0;19.31;1997-02-26;0.63;2004-09
A986201001;0.79;288.455;2.021;3.187;0.49861;0.43969;0.20225;130.31;20.40396;4.01255;83.84984;11.87048;0;16.11;1995-01-23;1.29;2019-07
A994202002;0.78;284.749;2.2857;2.7998;0.49843;0.44472;0.27442;129.65;24.77094;5.55769;70.82719;12.5202;0;19.76;1981-10-16;2.69;1993-08
B022001001;0.93;339.504;1.9508;5.1866;0.38967;0.30548;0.02289;120.06;45.91874;4.27561;162.61555;21.22977;0;30.97;2001-12-30;0.1;2020-08
B109201001;0.94;342.475;1.4867;5.2194;0.37205;0.28012;0.02485;124.86;47.33524;4.47866;166.57533;18.96205;0;22.18;1983-05-26;0.21;1983-08
B115001001;1.05;381.977;1.6151;4.3627;NA;NA;NA;124.57;28.33915;3.56286;130.08281;23.17409;0;31.23;2001-12-30;0.87;2003-08
B128201001;0.94;344.862;1.4292;3.6837;0.45041;0.3848;0.17813;128.09;28.45833;3.43216;123.29167;13.45;0;36.88;2001-12-30;1.35;2020-08
B134001001;0.98;357.537;1.9912;4.0864;0.50018;0.45716;0.23162;128.04;22.2248;3.83451;117.02204;22.66403;0;32.84;2001-12-30;0.92;2020-08
B222001001;1.02;371.468;2.0648;4.0033;0.56129;0.57137;0.30972;132.96;15.57692;5.15924;102.5;26.78392;0;18;1983-04-11;1.28;1976-08
B315002001;1.06;387.441;1.8483;3.0198;0.65995;0.70534;0.48298;140.78;3.25;3.93023;52.57692;11.8355;0;12.89;1983-04-13;2.94;2020-09
B403101001;1.36;495.19;1.5999;2.1173;0.66855;0.65011;0.54929;143;3.5799;1.68868;1.71995;4.3;0;23.47;1993-12-21;8.31;1976-08
B413201001;0.95;346.172;1.2317;2.5851;NA;NA;NA;145.56;1.3171;2.16;6.34157;15.29412;0;11.98;1993-12-21;4.4;1996-07
B422431001;1.3;475.672;0.921;1.1359;0.76382;0.7512;0.64569;151.39;0.35002;1.27273;0;0;0;10.88;1993-12-21;16.55;2011-11
B457201001;0.95;346.773;1.347;3.4774;0.45484;0.38435;0.17416;131.63;27.58138;3.8237;115.93352;20.29562;0;24.78;1983-05-27;0.74;1976-08
B460101001;1.12;409.207;1.3754;2.1119;0.68246;0.67707;0.56988;142.48;2.68735;1.98462;3.20815;6.16;0;14.23;1993-12-21;5.61;1976-08
B463101001;1.09;397.091;1.1988;2.0778;0.71395;0.72277;0.63259;145.38;0.16001;2;0.66005;2.53846;0;10.04;2021-07-17;6.61;1976-08
B532201001;1.51;550.696;1.5639;2.221;0.63637;0.61414;0.51827;140.33;5.35417;1.71333;8.29167;10.47368;0;29.27;1993-01-12;5.6;1976-08
B611101001;1.85;674.195;1.3109;3.0479;0.57213;0.55259;0.32454;129.13;7.025;3.60256;70.325;15.37158;0;34.92;1993-12-22;2.48;2020-08
B720000002;1.24;452.426;1.6578;2.8121;0.66094;0.66923;0.47554;139.33;1.00004;3.92308;30.82477;6.2381;0;12.89;1995-01-30;3.22;1976-08
D020601001;1.04;381.365;1.7186;2.2568;0.66597;0.64473;0.43724;148.43;1.97832;1.56897;15.97874;7.35;0;24.79;1980-07-21;4.85;2020-08
E172751001;0.56;206.083;0.5491;1.0516;0.82705;0.82349;0.65015;167.73;0.08002;1;0;0;0;7.75;2002-02-13;5.97;2018-09
E334602001;0.57;207.079;1.7195;2.8393;0.58685;0.53407;0.25269;136.24;7.38734;2.10989;38.47572;4.80769;0;16.86;2000-12-03;0.51;2019-08
E403571001;1.14;417.751;1.5364;1.45;0.85656;0.91916;0.76129;166.44;0.02;1;0;0;0;10.9;2002-03-01;10.65;1973-11
E430601001;1.25;455.377;1.5268;2.5653;0.74503;0.78806;0.59465;135.96;1.00027;1.31429;17.54818;9.49412;0;16.82;2009-11-27;4.43;1976-08
E520571001;1.22;445.237;1.7469;3.4794;0.46061;0.37979;0.16403;109.2;20.28395;2.04482;107.44935;8.95139;0;43.53;2000-11-21;1.43;1997-09
E530021001;1.55;565.949;1.4689;2.5586;0.61047;0.57334;0.48965;121.2;5.48928;1.34375;35.72288;8.31188;0;28.63;2012-11-02;2.82;1976-08
E540031001;1.13;414.552;1.12;0.8494;0.92127;0.95731;0.89541;175.73;0;0;0;0;0;3.22;1999-12-27;14.71;1973-08
E540651001;1.13;412.747;1.2821;0.856;0.92115;0.94821;0.88085;177.48;0;0;0;0;0;6.28;2005-07-04;14.78;1973-11
E550572001;0.84;308.3;1.2044;1.0002;0.93367;0.96757;0.87134;184.26;0;0;0;0;0;2.87;2001-03-22;11.75;2011-11
E639701001;0.41;150.665;2.267;2.4477;NA;NA;NA;198.71;0;0;34.03037;28.48837;0;2.4;2001-04-28;0.65;1978-01
E645651001;0.66;242.48;0.9753;0.7664;0.94837;0.9761;0.89722;186.29;0;0;0;0;0;2.07;1994-05-17;10.56;1997-09
F352000201;0.52;188.782;1.6246;1.506;0.81039;0.85691;0.59081;163.88;0.21956;1.5;5.09867;12.29412;0;6.54;1978-03-31;2.46;1992-08
F415000101;0.55;200.264;2.3818;2.6172;0.61315;0.60742;0.41385;143.04;8.94122;2.69277;35.66488;12.46853;0;22.42;2016-05-31;1.67;1992-08
F416000201;0.48;177.056;2.0484;2.1993;0.66181;0.66447;0.47142;147.44;5.02273;3.45312;21.34091;8.30973;0;13.69;2016-05-31;1.68;1992-08
F439000101;0.43;156.027;2.0514;1.9561;0.70219;0.7158;0.45477;152.63;1.61538;2.625;9.88462;10.4898;0;9.86;2016-06-02;1.26;1976-08
F453000101;0.39;141.453;0.6545;1.0182;0.89605;0.91884;0.71414;169.43;0;0;0;0;0;2.99;2016-06-05;4.84;1993-08
F462000101;0.36;131.309;1.6459;1.193;0.72844;0.70512;0.47673;153.2;1.55769;1.39655;0.26923;3.5;0;6.87;2018-06-12;2.51;1976-08
F466000101;0.49;179.139;1.472;1.2953;0.69678;0.65062;0.3874;157.41;1.33335;1.71429;0.57779;2.36364;0;8.82;2016-06-01;4.43;1971-09
F467000101;0.36;130.596;1.5058;1.3827;0.67748;0.62976;0.42339;156.33;0.45943;2.125;0;0;0;3.67;2016-06-02;3.62;2012-08
F474000102;0.28;104.055;2.4026;3.9828;0.43171;0.37784;0.0579;138.78;45.10894;6.59684;164.949;23.83984;0.0129;15.59;2016-06-02;0;1992-08
G111041010;0.92;337.068;1.7089;1.3516;0.89173;0.96135;0.84497;173.52;0;0;0;0;0;3.45;2001-04-28;10.52;1997-08
G206021010;0.81;294.589;2.1745;1.9524;NA;NA;NA;149.53;0.65855;1.42105;4.4391;5.35294;0;10.18;1999-12-27;4.35;1973-08
G600061010;0.95;345.794;0.8383;0.6501;0.95249;0.96852;0.8905;179.14;0;0;0;0;0;3.85;1995-01-30;15.66;1997-09
H010001001;1.04;381.405;1.7916;3.0703;0.56442;0.56233;0.31366;134.75;8.53846;4.18868;75.82692;25.43871;0;13.91;2018-01-23;1.53;2003-09
H010002001;1.37;501.452;1.6867;2.6165;0.66636;0.70424;0.53158;144.04;1.69231;3.14286;30.40385;12.85366;0;15.24;2018-01-24;5.1;2003-09
H020302002;0.43;156.137;2.0203;3.3948;0.6281;0.67503;0.33635;143.54;6.47345;5.23404;75.57622;30.55319;0;4.59;1999-03-11;1.05;1989-10
H030101001;1.01;370.72;1.4944;3.4243;0.56286;0.56061;0.23729;135.89;9.3245;4.42308;88.89354;22.37415;0;20.75;2018-01-23;0.5;2003-08
H032103001;0.97;353.218;1.9365;3.6038;0.58892;0.63191;0.25141;140.38;8.60773;5.85333;90.93996;31.76712;0;14.23;2018-01-24;0.86;2003-09
H050301001;0.51;186.177;2.2954;3.9624;0.55675;0.55568;0.09892;144.12;18.94092;3.864;118.60625;27.621;1e-04;8.62;1983-04-10;0.08;1976-09
H070201001;0.66;240.945;1.7766;3.2093;0.62023;0.6321;0.40085;143.03;7.6681;2.72043;64.70905;12.70833;0;5.87;1995-03-20;2;2019-09
H120101001;1.06;385.643;1.8231;3.2576;0.60125;0.63848;0.34048;136.06;6.85701;5.10638;72.25573;23.63551;0;14.85;2018-01-24;1.57;2020-09
H200102001;2.17;794.088;1.3154;2.2811;0.66703;0.6669;0.46513;138.47;1.13339;2.125;29.70136;7.18548;0;28.98;1999-02-20;6.72;2003-08
H201301001;2.18;796.495;1.7882;2.9258;0.63701;0.64377;0.38243;136.1;1.6897;2.33333;54.20818;9.46988;0;31.72;2018-01-05;4.21;2019-08
H206201001;0.69;252.826;2.0626;3.7009;0.54087;0.52056;0.31551;135.94;21.76923;3.66343;100.44231;22.80786;0;14.1;2001-03-14;1.39;2019-09
H207311001;0.93;339.401;1.867;1.8778;0.72959;0.75635;0.64687;157.7;1.03959;2.12;0.43153;2.44444;0;12.79;2001-03-15;6;1990-08
H208311001;0.7;254.522;2.1557;2.2619;0.82095;0.92259;0.63544;162.03;0;0;27.91454;32.41935;0;3.24;1982-01-12;1.35;1992-09
H226000201;0.44;161.419;0.4651;0.7652;0.88448;0.89697;0.73345;164.96;0;0;0;0;0;2.48;2001-01-06;5.58;1976-08
H232201001;0.76;276.404;2.0588;4.6868;0.49022;0.45321;0.02285;132.13;20.91703;3.03395;129.54512;20.77816;0.0031;22.13;1998-04-27;0;2019-09
H234202001;0.62;226.129;2.3932;4.867;0.55987;0.58889;0.08937;136.17;14.64484;4.98901;125.06175;39.56122;0;8.82;1998-04-29;0.28;1973-09
H247301001;0.71;259.039;2.4837;3.4963;0.59625;0.61294;0.33824;144.71;16.23381;3.89286;87.31788;24.87273;0;15.7;2016-06-01;1.17;1990-08
H248201001;0.79;289.196;2.3664;3.5223;0.59477;0.61639;0.3073;139.73;9.875;4.54023;75.825;19.44231;0;10.5;1982-01-11;1.02;1993-08
H303000201;0.36;130.875;1.4599;1.4185;NA;NA;NA;151.43;3.00051;1.77778;0.53134;2.125;0;22.42;2016-05-31;2.93;2005-08
H305000101;0.41;149.158;1.1612;1.1595;0.72855;0.69455;0.52608;159.89;0.6857;1.41176;0;0;0;9.99;2016-05-31;4.38;2005-09
H311041010;0.66;240.597;2.2004;3.422;0.57803;0.56674;0.33497;132.12;13.26549;3.15534;83.63382;14.22917;0;13.08;2003-01-03;0.91;1976-08
H318041010;0.57;207.205;1.279;1.083;0.85126;0.87813;0.76138;159;0;0;0;0;0;3.04;2001-03-24;6.58;1976-08
H323041010;0.79;289.21;2.1258;2.124;0.59307;0.55555;0.38134;132.74;10.03211;1.83429;9.9696;4.43056;0;16.58;2003-01-02;3.73;2019-07
H325041010;0.91;332.356;0.94;0.9212;0.9094;0.93574;0.85279;176.63;0;0;0;0;0;3.87;2003-01-03;13.16;1997-09
H332201001;0.36;133.009;2.5165;4.0411;0.47926;0.42626;0.06011;139.45;24.53699;3.29836;122.73376;17;0;26.46;2016-06-01;0.17;1992-08
H403021010;0.43;156.771;2.6461;2.2262;0.49278;0.43686;0.22637;133.74;27.27239;4.59298;68.67058;7.44018;0;12.12;1995-01-23;1.06;1973-09
H413041010;0.33;119.391;1.3203;0.9869;0.72751;0.69592;0.48017;155.24;1.41194;1.92;0;0;0;9.72;2016-06-01;3.58;2012-08
H416021010;0.28;102.49;1.6387;1.2287;0.75079;0.74423;0.54485;149.09;0.62861;4.4;0;0;0;3.48;1999-12-30;2.35;1992-08
H425042010;0.35;127.486;1.2829;1.4293;0.81251;0.84111;0.64324;160.53;0.1778;4;0;0;0;3.01;2001-03-23;2.85;1976-08
H432021010;0.34;122.743;1.2642;0.9605;0.82983;0.85583;0.6381;156.95;0;0;0;0;0;2.23;2001-03-29;3.57;1976-08
H437042010;0.3;108.725;0.6848;1.057;0.88373;0.91868;0.75179;165.72;0;0;0;0;0;1.41;2001-03-27;3.28;2011-07
H438021010;0.37;133.928;0.8254;0.9513;0.86674;0.89471;0.73688;160.37;0;0;0;0;0;1.98;2001-03-29;4.77;2012-08
H503331001;1.01;367.906;1.6478;3.5389;0.46899;0.416;0.15323;124.77;21.44444;4.19565;101.94444;18.53535;0;25.16;2013-05-04;0.24;2003-08
H504063010;1.12;410.789;0.8921;0.8191;0.94164;0.9683;0.89882;182.91;0;0;0;0;0;3.9;1995-01-30;19.45;1997-01
H504201001;1.01;368.503;1.7298;4.4011;0.48804;0.46236;0.05516;122.09;21.88147;3.91579;127.28899;30.05556;0.0091;15.3;2001-12-30;0.01;2020-09
H506201001;1.33;484.564;1.6771;3.7626;0.52325;0.51176;0.31261;129.22;17.30047;4.70109;103.06282;32.40881;0;18.73;1983-04-10;1.43;2020-09
H508305001;0.91;333.701;1.6767;3.6533;0.54872;0.55743;0.23851;129.72;13.7286;4.95833;96.75395;28.59091;0;10.01;2021-07-16;1.3;2003-09
H510203001;1.39;508.942;2.1654;2.6891;0.62424;0.64434;0.4654;132.52;4.40663;4.54839;38.0345;13.52222;0;11.66;1990-02-16;4.83;1989-10
H512234001;1.04;379.725;1.6825;4.1526;0.51216;0.5071;0.18759;124.34;24.0625;6.75439;118.8125;27.15714;0;12.04;1990-02-16;1.06;1991-08
H514261001;1.18;431.446;1.7795;3.6274;0.54656;0.54442;0.22024;129;11.30829;3.45882;95.73581;24.04831;0;27.58;2021-07-15;0.74;1976-08
H514262001;0.99;362.757;1.8901;4.055;0.53753;0.50913;0.13334;128.51;15.52176;3.06278;110.15224;21.16594;0.0017;27.69;2020-02-03;0.09;2020-09
H517201001;1.08;394.106;1.7885;3.6663;0.60151;0.63913;0.30138;134.96;5.5328;4.72727;83.7581;30.75;0;10.16;1972-08-17;1.17;2020-09
H517311001;0.67;245.09;2.209;3.3291;0.50937;0.45377;0.18837;141.98;22.08478;3.21362;104.7006;15.04893;0;15.31;1977-02-20;0.99;2018-09
H522431001;0.39;142.787;1.8467;1.5943;0.78597;0.80761;0.67145;165.64;1.41667;1.54545;5.66667;5.03704;0;4.33;2002-02-14;2.02;2005-11
H552201001;0.5;183.578;0.7551;1.3185;0.73576;0.72769;0.54057;150.4;1.64527;2.31818;0;0;0;4.93;2001-03-23;4.65;2017-07
H602021010;0.81;296.269;1.814;1.6358;0.65997;0.62737;0.49471;143.47;5.26597;1.50877;0.10205;1.25;0;17.47;1990-02-14;7.24;1990-08
H602321001;0.7;256.126;2.0901;2.9181;0.57084;0.54786;0.18861;136.81;10.31754;3.15278;76.56342;13.8642;0;11.73;1981-10-16;0.11;1976-08
H605301001;1.04;380.813;1.9103;4.2648;0.43045;0.35602;0.05473;135.32;31.70785;3.86905;134.27053;16.78354;9e-04;31.26;2021-07-15;0.32;2020-08
H610041010;0.69;253.588;2.035;2.1493;0.52375;0.45694;0.2667;135.03;13.83155;2.0251;15.46047;5.46465;0;20.71;2018-06-12;3.79;1990-08
H610201001;1.14;417.578;1.9083;3.8512;0.55025;0.54431;0.2584;127.4;14.15667;4.56962;101.97902;31.33133;0;17.79;1993-12-21;0.68;2018-10
H611061010;0.7;256.553;1.5485;1.023;0.8432;0.86806;0.74481;165.69;0.46514;1.05263;0;0;0;9.05;2021-06-22;8.95;1991-10
H612201001;1.21;442.327;1.8925;4.1514;0.53462;0.51537;0.22057;128.56;15.09865;3.85;112.41629;23.11694;0;19.79;1993-12-21;0.84;2020-08
H616201001;1.18;430.026;1.7449;3.774;0.56128;0.53742;0.24403;130.61;12.53846;3.32653;96.88462;18.86891;1e-04;17.16;1993-12-21;0.75;1976-07
H620101001;0.95;347.084;1.9371;3.3871;0.59391;0.586;0.31849;137;7.68658;3.59633;76.96388;19.52736;0;11.95;1970-05-14;0.1;2015-08
H622101001;0.92;334.903;2.0858;3.463;0.60415;0.60932;0.36652;137.41;8.82341;4.83871;79.05776;24.28916;0;8.89;1977-02-22;0.9;2020-09
H623021010;0.55;202.201;1.2303;1.2331;NA;NA;NA;164.03;0;0;0;0;0;4.2;2001-03-26;5.87;1973-08
H623302001;1.07;392.295;1.8898;3.2962;0.52506;0.48465;0.33177;132.69;19.18812;2.61993;91.64356;11.85664;0;22.92;1993-12-21;2.97;1990-08
H631302001;0.44;159.21;1.5879;2.3019;0.84672;0.98151;0.5212;180.98;0;0;20.55769;26.725;0.0057;1.75;2001-04-11;0;1976-09
H640203001;0.37;136.397;3.2671;2.4984;0.80422;0.95714;0.30491;172.7;0;0;41.86254;32.27083;2e-04;1.98;1988-02-12;0.27;1996-08
H642301001;0.43;156.179;1.5357;1.8535;0.73328;0.74632;0.47365;155.24;1.49018;2.375;2.29409;5.08696;0;6.8;2001-03-22;2.43;1976-08
H643201001;0.45;163.947;0.9603;1.6539;NA;NA;NA;168.81;0;0;1.72745;5.18182;0;2.23;2001-03-24;2.83;2019-09
H651301001;0.5;182.201;-0.3006;1.1028;0.83553;0.84192;0.61587;154.63;0;0;0;0;0;2.5;2001-03-22;4.54;2019-07
H703301001;1.21;441.561;1.771;2.0131;0.68646;0.67544;0.55899;146.27;3.15385;1.62376;1.94231;5.05;0;15.37;1993-12-21;6.06;1976-09
H705311001;1.24;453.46;1.9086;2.7089;0.56119;0.52468;0.26201;132.13;16.61254;2.79891;51.77305;6.14943;0;19.75;1991-01-04;3.35;2020-08
H706101001;0.9;327.975;1.9585;2.5285;0.59547;0.55739;0.34383;139.81;5.50141;2.98305;38.22856;7.15205;0;14.78;1993-12-21;1.92;1976-08
H716201001;0.72;264.303;1.8324;1.731;0.81775;0.8504;0.69022;164.91;0;0;1.0426;8.16667;0;4.66;1993-12-23;3.1;1976-08
H740101001;0.66;242.581;1.7979;2.2227;0.73945;0.77543;0.57652;152.59;0.32697;4.25;8.05897;7.75926;0;5.58;1993-12-24;2.06;1976-08
H741321001;0.4;145.325;1.315;1.7581;0.74156;0.7343;0.4653;157.48;0.69998;2.1875;16.05956;18.67442;0;5.97;2001-07-07;0.39;1991-10
H742371001;0.37;136.494;1.2416;1.0933;0.91303;0.94869;0.70414;176.32;0;0;0;0;0;1.46;1995-02-03;2.77;1992-08
H773301001;0.52;190.307;1.1728;2.1004;NA;NA;NA;147.69;1.47245;1.76667;5.22302;5.875;0;7.84;2021-06-22;2.26;1976-08
H774201001;0.62;226.944;1.4555;0.948;0.86911;0.88598;0.77663;167.17;0;0;0;0;0;4.26;2001-03-22;8;1976-08
H774202001;0.58;211.339;1.1692;1.0118;0.87202;0.89745;0.77479;165.29;0;0;0;0;0;2.54;2001-03-29;5.72;1976-08
I103101001;0.78;283.348;1.0868;0.9796;0.80046;0.80236;0.65973;155.24;0.12823;1.25;0;0;0;7.41;1988-12-06;10.01;2010-07
I110301001;0.75;273.769;0.4948;0.8135;0.86745;0.87451;0.75293;168.27;0;0;0;0;0;5.57;1993-01-11;11.97;2011-07
I120301001;0.86;315.073;0.9406;0.7915;0.8301;0.81963;0.67454;159.8;0.17392;1;0;0;0;10.79;2000-11-07;13.64;1992-07
I200101001;0.47;169.879;2.7587;3.0465;0.56264;0.52743;0.29157;142.2;17.21865;2.3612;77.21565;18.51462;0;8.43;1999-12-28;0.22;1991-09
I202101001;0.48;176.183;2.8552;1.9533;0.72585;0.73272;0.58538;156.43;2.47056;1.77465;5.82345;4.06849;0;7.01;2001-03-25;2.23;1992-07
I346301001;1.19;435.643;1.5873;3.1759;0.637;0.63621;0.397;133.41;4.32633;2.05128;69.14008;9.83462;0;19.29;2001-01-05;2.45;1976-08
I402201001;0.95;348.562;2.4453;3.3818;0.58238;0.5992;0.32333;122.83;11.96663;3.76404;83.48061;13.58721;0;21.02;1995-01-26;2.15;2005-09
I403201001;0.86;313.86;2.5203;2.8659;0.64915;0.66357;0.42967;133.53;4.32635;3.53333;43.32472;11.53804;0;12.82;1995-01-25;1.59;1990-09
I501361001;1.85;675.734;1.6135;2.6911;0.69741;0.71972;0.43539;135.76;0.5131;1.17647;30.55509;9.23256;0;17.59;1995-01-25;6.4;2016-10
I505301001;1.25;456.89;2.0744;4.5578;0.47822;0.43796;0.07762;117.67;27.0236;4.92143;131.21545;18.7423;0;33.41;1993-01-12;0.34;2003-08
I510101001;1.31;479.022;2.088;3.2554;0.58188;0.58601;0.31869;121.78;12.63059;3.34314;85.48798;12.61202;0;26.73;1995-01-26;1.89;2003-09
I522101001;1.23;447.782;1.7191;3.6797;NA;NA;NA;122.65;11.31244;3.66667;94.39076;16.09479;0;23.98;1990-02-15;1.01;1976-08
I524301001;1.06;385.594;1.9302;3.1407;0.70433;0.75576;0.43552;135.9;1.50028;1.83333;47.23609;9.62037;0;11.65;1999-12-26;3.35;1991-09
I532151001;0.69;250.967;2.1633;3.0266;0.58489;0.589;0.2518;126.06;10.48879;3.46226;83.79601;11.06415;0;17.5;1995-01-26;0.4;2019-09
I535201001;0.96;350.671;1.8992;3.8104;0.59055;0.60695;0.27154;124.9;14.57727;5.34444;95.61598;17.24044;0;12.28;1995-01-26;0.91;1990-09
I696401001;1.29;470.155;1.6676;2.5057;0.71512;0.72914;0.61686;139;3.26878;1.74026;0;0;0;36.91;2010-12-05;8.85;1990-08
I722202001;1.49;542.743;2.1304;4.0237;0.54157;0.5275;0.2201;118.65;22.22137;4.97814;109.57012;16.33455;0;24.11;1995-01-26;0.72;1990-09
I903101001;1.17;427.333;1.6536;3.964;0.6235;0.63347;0.3079;127.81;8.59237;2.36735;90.21994;12.24121;0;11.85;1999-12-28;2.07;1996-09
J001401001;0.88;320.78;2.06;2.1284;0.74384;0.75141;0.59802;152.51;0.8205;1.3913;4.28198;7.26087;0;13.47;1995-01-22;5.03;1990-09
J014401001;0.84;306.436;2.0911;2.1147;0.73284;0.70902;0.51714;149.59;0.61538;1.3913;7.55769;5.69565;0;9.84;1995-01-22;3.36;1990-09
J032301001;0.68;249.6;2.6373;4.8677;0.58485;0.58555;0.03166;135.45;17.4502;3.97674;130.78464;25.03125;0.0076;16.63;2000-11-13;0;2019-09
J061161001;0.74;271.798;2.122;3.4628;0.5707;0.53791;0.23358;137.32;11.97319;2.19307;90.38005;14.92857;0;24.8;2010-02-28;0.5;1989-09
J100452001;0.58;211.981;2.0434;3.9221;0.55893;0.52944;0.1407;132.41;20.5324;3.46067;115.49473;9.92837;0;18.63;2010-02-28;0.82;2003-09
J110301001;0.71;258.471;2.058;4.5515;0.60804;0.62914;0.08;137.52;11.67559;3.38462;115.65365;17.48765;0.0027;20.97;2010-02-28;0.06;1990-09
J111401001;0.56;204.641;2.1902;5.039;0.59582;0.60904;0.07028;141.53;18.93362;4.17647;131.93534;23.28235;0.0067;14.18;2014-02-07;0;1976-09
J131301001;0.56;204.515;2.7149;4.269;0.53858;0.51086;0.13023;136.61;22.07071;3.21875;124.47213;16.75641;0;24.69;2010-02-28;0.34;1991-08
J132401001;0.7;256.175;1.9176;4.3831;0.58416;0.59383;0.057;135.54;15.66639;3.55233;116.17745;17.76863;0;16.68;2010-02-28;0.07;1989-09
J151301001;1.07;391.976;1.6018;3.2046;0.67374;0.68833;0.4519;141.57;2.58135;1.91379;54.13867;9.94872;0;14.15;2010-02-28;2.07;1990-09
J152401001;0.86;312.629;2.07;3.9818;0.6541;0.69175;0.25891;139.83;6.93533;2.38889;91.48185;15.00529;0;13.03;2010-02-28;0.99;2011-10
J171171001;1.26;459.666;1.8688;3.5197;0.68022;0.73143;0.47408;140.45;2.82932;2.69767;66.51331;15.0663;0;18.82;1995-01-26;2.45;2003-09
J172172001;1.1;403.547;1.8487;3.1094;0.65788;0.68619;0.39256;139.61;5.84375;2.42857;64.8125;12.72393;0;16.98;2010-02-28;2.34;1990-09
J181301001;0.72;263.922;1.8483;3.759;0.63489;0.63964;0.31837;142.35;7.81644;2.51974;83.593;13.93197;0;14.54;1974-02-12;0.89;1976-08
J202301001;0.93;340.257;2.0676;3.5987;0.61679;0.62818;0.38716;136.36;9.875;2.14674;88.75;14.43089;0;25.11;1995-01-26;1.43;1989-09
J203401001;0.94;342.577;1.7153;2.9817;0.69494;0.7251;0.53108;143.95;3.32439;3.075;31.5141;13.71765;0;15.57;2001-02-09;2.76;1990-09
J221311001;1.73;633.259;1.5557;3.6088;0.60729;0.59938;0.36753;130.66;6.14274;1.77686;84.02693;16.61582;0;37.65;2000-12-12;3.11;1990-09
J223301001;1.59;580.532;1.62;3.4807;0.65635;0.66586;0.4877;136.86;3.06127;2.20588;65.96011;12.97992;0;21.91;1995-01-26;2.25;1976-08
J231491001;1.23;448.299;1.5425;3.0411;0.70876;0.74444;0.57648;142.25;1.65;2.0625;35.325;13.08333;0;13.35;1995-01-26;4.33;2003-09
J240401001;1.56;570.906;1.453;2.373;0.7125;0.73014;0.6593;143.62;2;1.72973;3.09375;7.61538;0;24.33;2013-12-24;9.25;2003-09
J251401001;1.07;392.18;1.6796;3.3291;0.66446;0.69166;0.48502;141.67;6.04247;2.49123;59.9353;11.54508;0;18.49;1995-01-26;1.12;1976-08
J260301001;1.45;531.203;1.206;2.675;0.73693;0.78529;0.63672;147.1;0.68627;1.94444;8.31361;9.42222;0;15.49;1974-02-11;4.42;1976-08
J260541001;1.29;471.02;1.6414;2.8087;0.71413;0.73967;0.5903;146.59;1.42224;1.72973;19.24474;8.09346;0;15.77;1995-01-26;4.38;2003-09
J261401002;1.61;588.702;1.7954;3.1033;0.67216;0.70784;0.50967;134.68;3.1875;2.21739;50.9375;11.24138;0;23.23;1995-01-26;5.39;2003-08
J272301001;1.71;622.935;1.4828;3.0978;0.66753;0.70571;0.4775;134.73;3.20026;2.58065;53.30438;12.05882;0;28.04;1995-01-26;1.75;1976-08
J301433001;1.48;539.205;1.6209;1.5316;0.78697;0.80422;0.71197;151.53;0.39998;1.33333;0;0;0;13.52;2014-02-06;13.73;1997-09
J302401001;1.38;504.608;1.3909;2.2336;0.74264;0.77414;0.62422;145.9;1.04003;1.52941;3.30009;5.15625;0;23.17;1982-01-10;3.13;1976-08
J320571001;1.65;601.341;1.5627;2.5975;0.74245;0.81121;0.67803;143.9;1.09615;1.54054;10.86538;10.66038;0;20.96;1974-02-15;2.37;1976-08
J321302002;1.71;625.367;1.1996;2.5367;0.73309;0.79078;0.61928;139.79;0.76743;1.5;16.16253;8.27381;0;16.14;1982-01-10;5.76;1990-09
J332302002;1.42;518.11;1.5098;2.8797;0.71483;0.76905;0.5356;139.49;0.34091;3;22.95455;8.93805;0;15.22;2014-02-08;4.53;1990-09
J340302001;2.9;1058.072;1.2876;3.0302;0.63982;0.64111;0.4773;127.45;3.07906;1.42683;51.84397;10;0;45.4;2000-12-12;4.88;1989-09
J340411001;2.68;978.459;1.3808;2.7661;0.69891;0.74362;0.60248;135;0.73682;1.86667;26.81482;8.35246;0;26.81;1990-02-14;8.78;1989-09
J351401001;1.94;708.28;1.5905;3.3291;0.60318;0.60002;0.42244;124.23;6.5997;1.72674;73.84108;12.78077;0;36.53;1995-01-26;3.88;1972-09
J360181001;1.71;624.188;1.551;4.8385;0.54017;0.50431;0.20116;121;16.023;2.93191;130.23049;20.07168;0;38.35;2000-12-12;0.75;1976-08
J383401001;2.1;765.658;1.4017;3.8471;0.57131;0.55817;0.3672;121.84;7.67308;2.57419;95.30769;13.92135;0;51.07;1999-12-26;1.1;1976-08
J401401001;1.45;530.665;1.5836;3.391;0.67439;0.74;0.46488;134.45;3.28846;2.85;67.98077;13.39015;0;15.82;1995-01-28;2.33;1990-09
J412442001;1.48;538.862;1.6083;2.9755;0.70513;0.7696;0.42592;141.24;1.40543;2.73684;39.67641;6.7963;0;14.6;2004-01-26;3.37;2003-09
J412572001;1.18;429.894;1.7282;3.6851;0.68054;0.76244;0.40308;139.51;4.41667;3.53333;80.86111;16.35393;0;13.09;1988-02-12;1.33;1989-09
J421191001;2.03;740.317;1.4669;3.5877;0.65329;0.68721;0.403;129.59;3.53865;2.2716;80.69656;17.33884;0;25.19;2000-12-13;2.1;1989-09
J421451001;2.01;735.964;1.6819;4.5214;0.57413;0.55928;0.21735;120.49;9.17933;2.0226;113.92108;16.09783;0;39.54;2000-12-12;1.06;1989-09
J422401001;1.82;666.432;1.4524;3.1375;0.68128;0.733;0.52084;137.29;1.96164;2.42857;45.65625;11.58049;0;22.83;2000-12-12;2.63;1976-08
J431301001;1.84;672.659;1.5805;3.3074;0.66396;0.70536;0.52747;130.97;2.93568;2.11628;61.22986;14.27068;0;30.78;2000-12-12;3.28;1990-09
J451401001;1.42;519.32;1.6814;2.9266;0.70619;0.76545;0.53354;141.43;2.69231;2.85714;38.36538;11.27119;0;18.34;1995-01-25;3.26;1976-08
J451542001;1.59;579.186;1.7712;3.0424;0.71005;0.78407;0.59257;139.62;2.59988;4.10526;35.79837;8.19847;0;17.36;1995-01-27;5.28;2003-09
J461401001;1.92;702.497;1.744;3.0227;0.67497;0.72116;0.5498;137.8;3.78866;2.98485;44.5985;12.33511;0;26.36;2000-12-12;2.4;1976-08
J471201002;1.64;598.897;1.6672;3.7135;0.60847;0.60173;0.24478;127.64;6.06911;2.37838;97.31264;19.32877;0;29.45;2000-12-13;1.45;2003-09
J473401001;1.71;622.961;1.8003;3.3396;0.65139;0.68733;0.48254;133.41;4.58636;2.18605;73.72332;16.16043;0;37.16;2000-12-12;2.42;1989-09
J474201001;1.44;525.522;1.5146;3.1693;0.65458;0.6726;0.40145;137;4.18758;2.8125;67.32697;16.25843;0;29.87;2000-12-13;2.21;1990-09
J480301001;2.03;741.954;1.8097;3.1286;0.60054;0.5747;0.49325;126.8;6.92694;1.72121;65.51329;14.44086;0;50.71;2000-12-12;4.68;2003-09
J510221001;1.43;520.881;1.7996;2.9868;0.67478;0.70589;0.42528;141.61;3.67352;3.05085;49.36804;12.03483;0;25.29;2000-12-13;3.2;1990-09
J520211001;1.58;576.086;1.7823;3.5829;0.66461;0.69232;0.30749;135.35;2.12199;2.41667;75.31833;15.91753;0;22.28;1995-01-26;1.2;1990-09
J561301001;0.91;330.966;1.8112;4.5063;0.60691;0.64505;0.06236;134.78;16.66046;5.17391;120.98331;26.76549;0;17.4;2001-01-05;0.08;1976-08
J570481001;1.56;568.642;1.7112;3.3351;0.66721;0.72374;0.50687;139.61;5.88462;3.55814;62.63462;14.16087;0;25.23;1995-01-28;2.09;1976-08
J621301001;1.31;478.699;1.4806;3.8541;0.62864;0.66135;0.23475;138;9.07175;5.47917;92.26969;14.53804;0;23.63;2001-01-05;0.74;1976-08
J708311001;0.68;249.334;3.079;4.8503;0.43548;0.35963;0.02965;130.08;37.97988;4.46313;154.48812;17.16558;0;28.73;1974-11-16;0.15;1990-09
J721401001;0.59;217.117;2.7576;4.0629;0.57606;0.5508;0.16561;141.28;16.37287;2.75;116.65673;14.5814;0.0017;17.96;2001-01-05;0.01;1990-09
J735301001;0.57;207.843;2.7455;4.5012;0.50452;0.4696;0.03686;140.59;26.59615;3.91785;134.90385;17.58145;3e-04;15.73;1999-12-28;0.05;1976-08
J748301001;0.5;181.809;2.9836;4.9456;0.53215;0.50752;0.02745;138.63;34.97727;7.15814;149.29545;16.63038;0.0038;11.64;2001-01-06;0.01;1976-07
J751301001;0.74;269.64;2.9724;6.0548;0.41061;0.35046;0.00752;123.26;53;6.16727;180.90625;25.16957;0.0059;26.65;2019-12-20;0.04;1990-09
J763301001;0.6;220.472;2.7159;6.1831;0.44519;0.38673;0.0116;128.84;54.17574;8.55418;178.50741;21.72792;0.0011;20.02;2013-12-25;0.04;1976-08
J782401001;0.55;199.829;2.848;5.8878;0.44577;0.38926;0.01217;133.04;35.78383;5.18466;159.74295;19.77427;0.0139;23.97;1981-05-13;0;1976-07
J783301020;0.59;216.223;2.6667;4.9662;0.45342;0.39052;0.02677;130.59;40.91349;6.53881;162.28254;20;0.0031;21.98;2001-01-05;0.05;2005-09
J795301020;0.55;200.607;3.0597;5.7066;0.45176;0.39346;0.0101;130.68;48.47194;8.04367;174.9937;30.22727;0.0041;17.59;2001-01-06;0.02;1992-08
J797301001;0.64;233.408;2.4373;4.6118;0.54319;0.54044;0.10282;136.27;28.77075;4.45238;137.04568;21.20833;0;31.91;2001-01-05;0.06;1976-07
J813301001;1.03;376.192;1.6914;3.1356;0.65117;0.64388;0.44334;140.38;6.1281;2.29808;58.71692;11.50754;0;15.1;2001-01-05;2.2;1989-09
J836311001;0.64;234.196;2.1464;4.5631;0.56329;0.56882;0.01715;135.57;19.45944;4.42654;128.46566;26.01688;0.0194;16.37;1999-12-28;0;1990-09
J843301002;1.09;398.422;1.3728;3.5161;0.67094;0.69996;0.30354;140.62;4.25024;2.72;73.6292;11.8194;5e-04;23.03;2001-01-05;0.25;1976-08
J860241001;0.81;294.977;2.5297;5.6659;0.52065;0.50029;0.40788;138.6;21.00288;3.3042;145.46436;25.97222;0.0875;29.62;2000-11-12;0;2005-07
J863241001;0.68;248.936;2.522;5.5643;0.53182;0.52342;0.02139;135.41;28.96154;5.90588;148.98077;26.08418;0.0012;18.02;2001-01-05;0.01;1976-08
K040301001;1.92;701.553;1.6102;3.0191;0.55514;0.52448;0.1805;148.83;5.63812;2.15652;84.23075;13.98113;0;156.57;1980-09-21;2.38;1991-08
K045401001;1.29;469.842;1.9505;2.6666;0.64556;0.64009;0.30145;155;1.79557;2.25714;46.61654;9.58411;0;37.51;2008-11-02;2.58;1985-09
K053000101;1.07;390.67;1.2685;2.8259;0.65234;0.64472;0.25986;156.16;1.36969;1.61538;55.46147;8.67687;0;29.91;2008-11-02;2.2;1990-08
K062451001;0.68;248.103;2.1557;3.7084;0.52891;0.50006;0.01982;153.61;11.45478;4.44706;111.48716;17.51905;0.0034;23.77;1983-05-17;0.01;1985-10
K064311001;0.72;264.505;1.3392;2.8066;0.63722;0.62858;0.21695;156.03;2.4546;2.13158;48.54646;8.70652;0;41.17;2008-11-02;2.09;1990-08
K066331001;0.87;317.464;2.5613;3.5824;0.52843;0.48539;0.05704;141.72;7.65991;2.57143;94.9616;11.47301;0;42.7;2003-12-02;0.31;2020-08
K067331001;0.74;271.932;2.67;3.3291;NA;NA;NA;145.68;10.36025;3.39496;96.62726;13.50538;1e-04;35.66;1983-05-17;0.41;1976-07
K073322001;2.34;854.089;1.4656;2.2021;0.66873;0.67318;0.45018;158.87;1.04003;2.26087;22.14061;8.08029;0;95.75;1990-02-14;8.49;2018-09
K074401001;1.07;391.911;1.4087;2.9948;0.58749;0.55971;0.15025;135.19;3.13801;2.21951;65.86362;10.91429;1e-04;24.53;1990-02-14;0.87;2005-08
K075321001;1.25;455.78;1.6015;2.6885;0.62561;0.62081;0.25192;148.21;2.075;2.44118;52.1;9.83019;0;43.22;1990-02-14;2.71;2003-08
K076331001;1.26;460.38;1.2888;2.7442;NA;NA;NA;158.51;0.86482;1.52381;55.29423;9.78947;0;19.82;2008-11-02;0.74;2003-09
K077322001;1;365.16;2.0189;2.3976;0.63193;0.61527;0.23174;149.51;2.75;2.04286;36.90385;8.72273;0;28.7;1990-02-14;1.17;1976-07
K081302001;1.27;462.339;1.5879;3.3765;0.55331;0.51317;0.11222;133.26;4.58731;2.36364;76.80807;10.61789;0;38.84;1990-02-14;1.24;1976-07
K098301001;0.98;356.825;2.4734;3.5657;0.52048;0.45952;0.09002;140.13;8.06418;2.72662;93.11045;11.60743;0;26.2;1983-05-17;1.09;2015-07
K108401001;1.24;454.69;1.2663;3.2783;0.56722;0.55462;0.05264;142.06;3.5287;2.7907;80.86607;12.7907;0.0031;17.11;1988-03-19;0.31;1976-07
K117321001;0.79;290.248;2.6295;3.8454;0.51611;0.46753;0.14475;132.19;14.37418;2.98701;102.3275;16.2649;0;16.6;2003-12-02;0.51;2020-08
K125181001;0.7;253.938;2.323;4.7383;0.45765;0.40539;0.05793;131.36;30.83038;4.316;144.09417;19.77647;0;17.45;2013-05-04;0.16;2003-08
K128481001;1.9;694.468;1.2501;3.3209;0.57829;0.5559;0.22889;130.26;7.05911;3.05085;85.82699;11.08101;0;25.38;1990-02-14;2.04;2020-08
K132181010;1.04;380.983;1.8946;3.7873;0.5373;0.51391;0.15578;128.03;16.65881;3.79444;106.68471;20.25;0;19.67;2004-01-14;0.76;2020-08
K134181001;1.01;368.938;1.9561;3.8776;0.52936;0.51177;0.13667;131.34;16.8982;4.14;108.7158;23.16087;0;14.88;2004-01-14;0.56;2020-08
K152401001;1.28;467.38;1.7879;3.1072;0.58558;0.57371;0.12196;143.41;2.99981;2.53846;71.541;11.4058;0;19.78;2007-09-28;0.12;2003-08
K172421001;1.37;499.446;1.7356;3.5354;0.5303;0.47618;0.16089;130.2;10.67308;2.16797;96.28846;12.24205;0;29.02;1999-02-20;1.11;2003-08
K175311001;1.14;416.197;1.8432;3.6273;0.52364;0.4722;0.22695;128.53;14.74908;2.72689;96.94851;14.26756;0;14.36;2010-12-07;0.72;2019-09
K177301001;1;364.061;2.1051;4.0633;NA;NA;NA;133.68;21.9075;3.40856;115.16441;15.82474;0;17.72;1998-04-28;1.06;2020-08
K183301001;0.55;201.096;1.8526;2.1367;NA;NA;NA;144.78;11.1148;2.83333;13.80697;6.77358;0;15.72;1977-05-27;2.12;1981-09
K191451001;0.91;330.566;1.9739;4.5469;0.45828;0.39827;0.09273;129.06;26.28846;3.121;136.57692;20.70554;0;14.72;1999-02-20;0.28;2020-08
K195401001;0.9;330.356;1.6796;3.7774;0.49632;0.44366;0.25203;134.9;22.235;2.94545;106.19465;16.46201;0;13.68;2013-02-02;1.5;2019-09
K201082001;2.89;1056.618;1.5718;3.6194;0.46053;0.4385;0.11387;122.83;15.67167;4.47619;113.70299;31.57407;0;162.75;2008-11-02;2.07;1991-08
K207081010;2.19;800.161;1.1563;2.9961;0.54189;0.53;0.36905;136.79;8.72673;3.89189;81.9343;18.39456;0;107.71;2008-11-02;4.37;2017-09
K222302001;1.29;469.383;1.6419;2.9271;0.67758;0.70209;0.36752;161.19;1.36877;2.16667;45.45883;9.64804;0;28.68;1986-04-24;3.26;2003-08
K222303001;1.03;375.175;1.8701;3.1013;0.67397;0.6893;0.24916;163.97;1.65682;1.70968;51.98654;11.46897;0;24.05;1986-04-24;1.98;2003-08
K223402001;1.37;501.026;1.3324;2.6324;0.69219;0.71453;0.37097;162.06;1.03116;2.35714;33.05967;8.20155;0;17.73;1986-04-25;4.75;2005-08
K225401001;1.1;400.25;1.707;2.8975;0.66615;0.66688;0.26764;157.44;1.68161;1.5102;47.74406;10.00476;0;12.19;1983-04-29;2.41;2003-08
K231621001;0.85;309.804;2.0165;3.3188;0.60871;0.60693;0.17038;153.39;3.11344;2.44643;87.38093;14.13603;0;13.14;1973-12-24;1.09;2019-09
K236301001;0.82;298.278;1.7013;3.0996;0.58243;0.55482;0.13937;159.98;4.8104;2.79012;73.22028;11.24183;0;31.52;1983-04-25;1.19;2018-09
K251401001;1.52;555.263;1.661;2.7336;0.6554;0.64128;0.42796;148.41;1.90385;2.2;28.46154;8.31461;0;40.03;1988-03-18;4.83;1976-08
K251402001;1.78;649.25;1.0725;2.9901;0.63058;0.6158;0.36744;139.93;1.96658;1.96667;42.93137;7.57647;0;27.35;2018-01-04;5;2019-09
K252301001;1.7;620.859;1.6519;2.7508;0.62173;0.59787;0.3521;147.06;2.37277;1.70423;43.1217;10.08716;0;29.48;1999-12-27;5.46;2019-09
K259301001;1.04;378.384;1.4875;3.0648;0.60575;0.58594;0.16808;148.8;3.23475;2.08219;64.48217;9.80583;0;21.56;1982-01-07;2.62;1989-08
K265401001;1.76;643.924;0.5149;2.3581;0.66589;0.66751;0.49177;150.31;1.46957;2.18182;17.51241;6.26277;0;30.34;1981-12-16;7.69;1976-08
K267401001;1.35;494.502;1.1769;2.2082;0.66008;0.64456;0.43573;150.92;1.84025;1.95745;5.30073;5.76087;0;23.9;1982-01-06;5.42;1976-08
K271401001;0.49;179.452;1.9012;2.9396;NA;NA;NA;172.03;9.1517;2.5812;75.45611;11.47465;2e-04;27.98;1985-05-11;0.43;2019-08
K282191001;0.91;331.024;2.3445;3.4202;0.57035;0.53836;0.11641;152.7;4.16619;1.96078;80.36583;9.645;0;18.24;2003-12-02;1.12;2018-10
K287191001;1.12;408.877;1.6963;2.7355;0.64488;0.63105;0.24966;158.94;1.35409;1.9697;49.26802;9.16667;0;20.98;1988-03-19;2.26;1985-09
K288401001;1.82;665.719;0.9013;2.0836;0.68556;0.67948;0.4194;161.22;0.82997;1.95;19.79156;8.37838;0;37.43;1988-03-18;5.26;2003-08
K298191001;1.06;388.151;2.2319;2.7633;0.63139;0.62431;0.26455;149.24;1.76914;1.84;46.65139;7.77564;0;14.64;2003-12-03;1.88;2003-08
K315301001;0.39;143.885;1.9636;2.2514;0.68524;0.6934;0.35623;166;3.39248;1.92222;29.57141;11.33835;0;7.36;2021-06-28;0.61;2019-08
K322201001;1.39;509.12;1.2698;2.3936;0.64492;0.62799;0.42982;150.06;1.50012;1.66667;16.58136;5.96403;0;25.7;1982-01-07;5.35;2019-09
K327301001;1.06;385.465;1.4029;3.2044;0.59342;0.57408;0.16362;146.82;3.88594;2.125;78.29031;11.41667;0;16.38;1998-04-27;0.74;2019-09
K337301001;0.55;200.798;1.5676;4.1946;0.51888;0.49713;0.04623;146.39;14.89822;3.05789;118.59599;19.27083;0;22.11;1998-04-27;0.08;2019-08
K409401001;0.62;226.141;2.5215;1.7534;0.79391;0.84881;0.64543;160.94;0;0;2.07994;6.93333;0;3.94;2001-03-15;3.22;1991-08
K487312002;0.42;152.2;2.2428;1.6851;0.56298;0.54043;0.37926;144.65;14.39972;2.68085;12.82832;7.61017;0;13.66;1984-11-24;2.16;1990-08
K518302002;0.87;317.735;2.2293;4.3089;0.53552;0.53551;0.03518;145.78;10.61893;2.82031;114.39617;17.92166;7e-04;18.47;1982-01-07;0.1;2003-08
K538302101;0.65;236.78;2.44;5.005;NA;NA;NA;145.27;19.1145;2.86667;130.65281;23.51333;0;20.08;1977-05-27;0.24;1998-08
K565301001;0.5;184.304;2.3895;3.5062;0.59826;0.61186;0.20711;146.36;13.00336;3.30508;89.95659;33.725;0;11.27;2001-05-07;0.45;1990-08
K633252001;0.62;224.803;1.7648;2.6334;0.60392;0.57703;0.20396;137.04;6.1959;2.40299;45.98817;10.3913;0;13.93;2016-06-01;0.75;1992-08
K633401001;0.69;252.013;1.8641;2.5843;NA;NA;NA;150.69;5.125;2.09184;41.2;9.5814;0;21.18;2016-05-31;1.49;2019-09
K637302001;0.85;310.674;1.9185;2.7355;NA;NA;NA;142.06;7.9375;1.95385;33.09375;10.28155;0;15.08;1982-12-21;3.54;1998-08
K649251001;0.54;198.824;2.4542;2.9428;0.61317;0.60753;0.24057;148.32;8.05524;4.56716;53.28043;10.76596;0;7.82;1983-04-11;0.83;1992-08
K731261001;0.62;224.907;2.2491;2.8265;0.65933;0.69322;0.357;146.89;7.04127;4.44737;46.97649;13.75;0;15.19;1982-12-19;1.14;2019-09
K743303001;0.45;165.059;2.6114;2.1004;0.47638;0.4074;0.19703;133.48;20.41667;2.84884;47.41667;8.28641;0;19.96;2016-06-01;1.4;2019-08
K751401001;0.4;147.397;2.8262;2.8489;0.55505;0.52427;0.19196;145.92;15.88545;3.27778;72.48459;8.01915;0;15.77;1977-07-08;0.38;1990-08
L001061001;2.29;836.129;1.5502;2.6867;0.62941;0.61589;0.32309;143.57;1.33339;1.94286;52.66879;10.25191;0;24.8;1994-01-06;5.46;2019-09
L009302002;1.7;621.827;2.0779;2.27;0.69043;0.69573;0.56003;154.94;0.625;1.53846;14.875;8.35088;0;17.32;1994-01-06;4.26;1979-09
L031401001;1.63;593.638;1.4524;2.3384;0.67153;0.65776;0.45106;150.04;0.8462;1.46667;25.28979;8.53896;0;16.84;1978-01-24;5.76;2018-10
L081301001;1.11;405.268;1.8489;3.4689;0.60288;0.58894;0.23283;140.2;4.94257;2.07258;83.29285;15.03819;0;17.98;2021-02-02;1.03;2019-09
L091402001;0.94;342.493;2.5398;3.8147;0.54809;0.51188;0.14584;136.13;14.34375;2.78182;101.78125;15.29108;0;20.31;1998-01-19;1.19;2019-09
L225301001;0.86;313.096;2.39;4.0483;0.52139;0.50157;0.23955;133.46;25.31339;4.31773;126.50811;17.34409;0;34.95;1983-04-09;0.41;2005-08
L231301001;0.47;169.863;2.3718;2.5988;0.66187;0.6926;0.34565;140.38;7.44183;3.1;38.68953;16.38983;0;12.31;2021-02-04;1.07;2005-08
L232161001;0.64;234.53;2.766;3.0408;0.64635;0.67075;0.35195;145.04;9.5956;3.95614;73.02021;18.06316;0;13.17;1982-12-21;1.25;1990-08
L401071001;1.55;566.225;1.8122;2.793;0.65823;0.66234;0.34196;150.47;1.37996;2.3;49.35865;9.41985;0;15.72;1994-01-06;3;2019-09
L403301001;1.1;401.154;1.9569;3.3841;0.60438;0.5961;0.12336;154.16;5.19313;2.7551;83.72476;12.54467;0;14.17;1977-06-10;0.85;2005-08
L440000101;0.81;296.517;1.8809;4.1146;0.52754;0.49105;0.09362;140.98;13.26768;2.54043;109.69723;17.88406;0;13.17;2001-05-01;0.48;1985-10
L441171001;0.81;297.173;1.65;3.8546;0.54556;0.51533;0.11401;140.51;11.616;2.44534;102.5054;17.64901;0;19.85;2001-05-01;0.51;2019-08
L465301001;0.6;217.392;2.6575;3.3721;0.49273;0.44568;0.18718;139.69;22.84736;3.26374;102.65925;15.83976;0;20.91;1981-05-13;0.72;2019-08
L503401001;1.16;423.947;1.6561;2.442;0.66899;0.6549;0.51292;152.9;1.69231;1.66038;26.73077;9.14474;0;18.67;1999-12-28;3.72;2019-09
L510181001;1.19;433.214;1.6828;2.4531;0.67225;0.66554;0.41737;151.61;1.38462;1.84615;29.40385;9.15569;0;16.12;1993-12-29;2.54;1976-08
L513401001;0.95;346.714;2.3167;3.4098;0.6113;0.60519;0.23789;143.43;5.51952;2.296;78.56183;16.21032;0;15.73;1982-12-17;1.02;1976-08
L522302001;1.06;386.267;2.0473;3.3123;0.61358;0.59812;0.18115;139.57;3.29025;1.85455;77.54667;14.48193;0;14;1994-01-06;0.95;2019-09
L532301001;0.81;297.655;2.3313;4.2905;0.52056;0.48612;0.04805;135.6;15.93659;2.65625;117.95161;19.72822;2e-04;19.71;1982-01-06;0.18;1990-08
L562301001;0.87;316.613;2.2863;4.0335;0.5245;0.47701;0.09147;135.49;16.14553;2.82906;112.67728;15.93103;0;27.52;1990-02-15;0.17;1989-09
L574191001;0.61;224.513;3.5331;3.352;NA;NA;NA;142.82;25.525;3.63345;115.35;21.8673;0;26.17;1981-05-13;0.46;2019-09
L620201002;0.42;153.573;2.9169;2.9075;0.58164;0.57549;0.21384;137.05;11.17929;3.51613;68.84495;13.425;0;12.28;2016-06-02;0.21;1990-08
M001411001;0.69;250.242;1.9478;1.1659;0.77827;0.77631;0.66421;154.72;0.78397;1.26087;0;0;0;9.4;1995-01-22;6.39;2005-09
M005061020;0.66;241.061;2.3498;3.1477;0.54542;0.5023;0.22397;136.1;20.302;4.96023;83.85913;10.10084;0;12.63;1995-01-23;1.35;2005-09
M011491010;0.87;317.113;2.5419;3.3423;0.61024;0.60968;0.36229;137.72;13.51376;3.57143;86.48809;12.4031;0;19.66;1995-01-22;1.17;2020-09
M015301010;0.57;209.112;2.6252;2.7242;0.67197;0.67796;0.31373;144.79;6.76636;2.63636;53.59755;14.88889;0;6.94;1995-01-28;0.92;2005-09
M025061010;0.66;240.821;2.8473;3.155;0.58448;0.56752;0.22527;138.47;14.89175;4.82394;78.00232;13.38806;0;9.62;1995-01-24;1;1990-09
M036151010;0.65;237.932;1.4862;1.0643;0.74994;0.73693;0.57434;150.59;0.83998;2.21053;0;0;0;8.96;1995-01-23;6.77;1991-08
M041601010;0.55;200.802;1.2408;0.903;0.76992;0.7662;0.54329;150.87;1.34375;1.34375;0;0;0;9.21;1995-01-22;5.53;2019-07
M042151010;0.57;208.102;1.8155;1.3089;0.74144;0.73179;0.57979;146.71;0.86839;2.53846;0;0;0;7.1;1995-01-24;5.68;2009-08
M042481010;0.44;159.172;0.8561;1.2033;0.82718;0.84054;0.57324;157.16;0;0;0;0;0;3.17;2004-01-14;3.68;2019-07
M052521010;0.51;186.121;2.559;2.1279;0.62806;0.61135;0.321;141.28;6.72985;2.44118;35.27092;10.69672;0;11.46;1995-01-23;1.41;2006-08
M053501010;0.49;178.747;2.3252;2.3273;0.64895;0.63647;0.45151;144.17;8.16231;2.60345;29.59514;12.30337;0;11.49;1999-12-28;0.99;2006-08
M065311010;0.54;196.463;3.0362;4.9519;0.44528;0.38671;0.01773;128.59;37.09818;4.98689;155.46601;21.60678;0.0138;17.11;2004-01-14;0;1992-08
M067401010;0.5;181.38;3.2135;3.8713;0.52895;0.48466;0.25963;134.19;26.76219;4.00394;125.94283;17.03203;0;17.68;2020-03-05;0.3;1992-07
M068061010;0.55;200.236;2.563;2.3123;0.63553;0.62224;0.35703;141.92;7.31363;4.60494;25.07809;7.65868;0;7.87;1995-01-27;1.46;1976-08
M104161010;0.25;93.068;3.4216;2.3531;0.49421;0.42172;0.16629;132.95;24.12612;4.2563;79.45188;9.16484;1e-04;11.03;1995-01-23;0.47;1974-08
M121301010;0.54;197.776;2.3006;1.7283;0.57947;0.54043;0.36441;138.61;12.51923;2.29225;15.59615;7.50926;0;13.03;1995-01-22;2.24;1976-08
M121301301;0.51;185.659;2.3178;2.2223;0.46608;0.41798;0.21671;133.42;26.35426;3.05993;63.99859;11.60234;0;17.5;1995-01-22;1.61;1993-09
M123304010;0.53;192.758;2.3865;1.5936;0.56174;0.5228;0.33446;134.45;14.10064;2.40341;4.63354;4.7931;0;15.17;1995-01-22;3.01;2009-08
M135401010;0.39;143.305;2.6159;2.0161;0.61132;0.58776;0.31828;143.43;7.86538;2.13021;25.13462;7.59884;0;13.71;1983-04-09;0.99;1990-08
M153161010;0.34;124.501;2.1872;1.7457;0.68365;0.68332;0.37851;144.47;2.73992;5.26923;10.9597;8.83871;0;4.92;1995-01-29;1.63;1976-08
M313301010;1.28;466.473;1.8889;3.2494;0.61722;0.61565;0.38934;128.55;7.7351;2.72941;72.68325;12.31638;0;13.9;1995-01-26;2.46;1996-09
M322301010;0.99;359.816;2.5548;2.4322;0.68756;0.69509;0.5001;140.86;2.69988;2.025;28.93201;8.11215;0;10.84;1995-01-22;3.11;2005-09
M325311010;0.89;325.296;2.6941;3.8073;0.60377;0.59215;0.21498;135.77;13.33333;3.36842;94.95833;12.87571;0;11.26;1982-12-20;0.42;1976-08
M332301010;0.9;328.278;2.5511;3.2128;0.64305;0.63729;0.40031;143.12;7.44231;2.30357;59.26923;9.84665;0;15.04;1974-11-16;1;1976-08
M334091010;0.89;324.675;2.3985;3.3667;0.60905;0.58702;0.2556;136.84;10.13712;3.15244;79.9401;8.86304;0;16.34;1974-11-17;0.51;1976-08
M350401010;0.69;252.448;2.6753;4.9935;0.4799;0.42341;0.05163;130.08;36.13507;5.16035;151.07317;17.09007;0;17.66;2013-03-12;0.07;1976-08
M351401010;0.49;177.759;3.0498;4.7534;0.44526;0.39154;0.05143;126.97;42.68488;6.35745;167.56815;26.90367;0;13.49;2012-10-19;0.17;2006-08
M360091010;0.8;292.367;2.6637;3.3773;0.59633;0.57717;0.24799;136.41;12.82827;3.42051;85.58594;9.78022;0;15.98;1974-11-17;0.35;1976-08
M363091010;0.82;298.838;2.7332;3.4097;0.59948;0.57738;0.22254;137.56;11.58808;3.32022;85.44983;9.94977;0;16.28;1974-11-17;0.37;1976-08
M371181010;0.62;226.016;3.2448;4.6489;0.53452;0.50373;0.01209;132.25;28.76056;4.96859;139.65085;18.80816;0.0116;15.21;2001-03-22;0;1990-08
M377181010;0.49;179.977;3.2203;4.8946;0.5163;0.48888;0.02082;135.29;36.02496;6.02545;150.90478;18.91281;0.0173;15;1999-12-28;0;2006-08
M382301010;0.53;192.083;3.1477;4.6887;0.52109;0.48156;0.01489;132.47;32.68247;6.41139;149.08756;18.3373;8e-04;16.18;1995-01-28;0.1;1996-09
M383401010;0.43;155.568;3.2847;4.8171;0.46121;0.41044;0.03115;133.95;46.48636;7.34008;174.04823;20.26269;0.0055;19.23;2001-01-05;0.02;2005-09
M521401020;0.51;184.605;2.5575;3.3697;0.4447;0.39294;0.04886;130.17;25.83488;3.55369;126.61284;13.84;0.003;31.7;1983-04-09;0.04;1990-09
M530001010;0.66;240.558;2.2993;2.7175;0.70001;0.76274;0.44932;148.39;0.51923;3.85714;27.86538;21;0;4.78;1982-12-23;1.99;1976-08
M601401010;0.7;257.27;2.3317;3.8347;0.39685;0.32658;0.04362;124.89;30.89039;3.30465;144.53918;14.02743;0;30.34;1983-04-09;0.11;1976-06
M632301010;0.51;186.606;2.4192;3.7825;0.49701;0.4555;0.11588;135.98;31.71913;4.82067;132.45637;21.22756;0.0022;17.46;1996-02-26;0.03;1974-08
M704401010;0.9;329.493;1.9537;4.6253;0.49747;0.47054;0.04708;125.59;22.39716;3.28571;137.30431;17.21782;0.001;23.74;2012-10-19;0.03;1990-08
M711241010;0.99;360.967;1.9804;3.962;0.52706;0.49969;0.04913;129.59;17.43301;4.0045;116.54036;14.01651;1e-04;35.76;1983-04-09;0.15;1996-08
M741301010;0.86;315.521;2.1396;5.2401;0.44782;0.40406;0.00902;120.6;36.64435;4.69421;153.9966;16.80986;0.0059;31.05;2001-01-05;0;1991-08
M814401010;0.82;300.446;2.3182;5.7865;0.35915;0.28526;0.32194;114.73;47.646;5.03714;180.88185;28.24051;0.0599;28.09;2021-01-22;0;1990-08
N011301010;0.86;313.505;2.1562;5.9865;0.33368;0.24842;0.30359;116.88;50.05904;4.46285;189.92428;24.6142;0.0252;38.24;1983-04-09;0.02;1979-09
N300161010;0.91;332.045;2.3352;3.844;0.5552;0.53784;0.08659;128.3;17.98735;3.74882;111.6307;18.73664;0.0024;21.71;1992-12-04;0.04;1976-08
N302401010;0.83;301.444;2.4056;4.182;0.52923;0.5136;0.03782;126.81;23.65429;4.3004;126.29388;23.80738;0.0027;18.25;2014-02-13;0.02;2005-09
N340301010;0.86;313.901;2.6426;5.0003;0.42432;0.38141;0.03004;122.17;35.82505;4.01158;157.40265;22.59901;0.0287;42.25;1993-01-11;0;1985-09
O001004003;2.99;1093.226;1.2874;1.8154;0.74602;0.78738;0.52212;213.29;0.10001;1.5;4.36726;4.85185;0;33.66;2013-06-18;13.25;1991-02
O011000101;3.89;1422.428;1.0244;4.9592;0.57365;0.62756;0.34598;269.34;34.46399;5.72065;142.7097;33.82081;1e-04;83.13;2013-06-18;3.49;1979-04
O023402001;2.51;916.204;1.3665;2.3412;0.64552;0.62371;0.52006;171.37;2.41038;1.44615;2.8463;3.7;0;63.86;1992-10-05;17.36;2012-09
O029531001;0.7;254.242;2.2535;2.6447;0.52625;0.48899;0.29032;162.6;11.70032;2.15867;49.52136;10.53617;0;55;1977-07-08;1.72;2003-08
O036252001;3.42;1247.723;1.1654;2.0422;0.67955;0.67621;0.55729;194.63;0.96485;1.28571;0.03574;1;0;49.66;1992-10-05;30.2;2001-10
O038401001;3.09;1129.683;1.2066;2.2648;0.65896;0.6475;0.5316;169.31;1.94027;1.56452;3.52048;3.82609;0;57.03;1995-12-03;18.76;1970-09
O055401001;1.64;600.159;1.7963;2.6097;0.54372;0.48919;0.37311;162.06;7.06093;1.53778;36.89641;8.86275;0;57.45;1992-10-05;4.14;1999-09
O062401001;0.94;344.421;2.0578;3.2446;0.43501;0.36526;0.20348;160.54;20.25463;2.30067;106.78288;15.29775;1e-04;55.24;1993-09-24;1.6;2009-09
O074404001;1.58;576.585;0.9127;2.8391;0.53842;0.4857;0.31093;160.8;9.13179;1.94444;62.5093;11.27451;0;52.58;2014-02-05;2.06;2001-09
O111000101;4.63;1689.819;1.1712;2.8587;0.5795;0.56899;0.34841;239.5;7.40011;2.05556;55.28973;8.32107;0;65.47;2013-06-18;12.23;1978-11
O144291002;1.81;660.763;1.5699;2.8064;0.66385;0.67406;0.55237;175.44;2.60795;1.68354;11.11809;7.875;0;37.55;2014-01-25;5.7;2001-10
O148432002;3.77;1377.518;1.1886;2.6183;0.64441;0.65462;0.50802;189.72;1.00009;1.41667;22.43348;7.10559;0;53.39;1992-10-05;11.2;2001-10
O149431003;2.33;849.459;1.6276;2.6647;0.63117;0.60626;0.30337;181.2;2.34628;1.64865;40.88677;6.52147;0;42.76;1992-10-05;1.77;2001-10
O149433001;1.8;658.395;1.0805;2.8432;0.60129;0.5717;0.23902;170.62;3.66655;1.71111;45.90327;6.30065;0;57.6;2014-01-25;3.01;2001-10
O158461001;1.06;385.412;1.804;4.668;0.45717;0.4119;0.10803;151.18;23.59678;3.2522;140.8785;22.21812;0.0022;45.13;2000-06-11;0.32;1989-08
O163401001;0.52;189.9;2.3421;6.5281;0.4476;0.4241;0.01913;159.68;51.4787;8.3278;181.70162;44;4e-04;53.97;1977-05-19;0.06;1970-09
O203401001;0.36;130.122;2.3881;2.4816;0.44533;0.38915;0.12473;161.48;18.43643;2.64174;77.59388;7.52954;0;26.04;1971-03-23;0.2;1970-08
O234401001;0.39;142.937;3.4395;4.8055;NA;NA;NA;154.74;22.5;4.45545;139.875;25.90278;0.0011;19.78;1972-02-12;0.04;1986-08
O301101001;4.33;1581.594;1.1902;3.2851;0.51409;0.50142;0.22955;133.31;10.20755;3.22785;97.15182;27.11732;0;193.98;1982-11-08;3.5;2009-08
O301552001;3.53;1291.007;1.2245;2.9252;0.5934;0.61675;0.35876;143.44;5.57213;3.32927;75.13189;21.65294;0;101.11;1976-10-28;5.13;1978-11
O303101001;2.94;1074.359;1.2273;2.9875;0.53875;0.51752;0.28843;137.24;8.36255;2.86861;82.62544;21.21858;0;137.82;1994-11-04;1.05;1989-08
O303521001;1.82;664.728;1.597;3.5028;0.5254;0.49722;0.24513;136.72;11.33501;2.59193;96.40639;26.86339;0;82.91;1994-11-05;1.16;2005-08
O306401001;2.37;865.907;1.4552;3.5512;0.43958;0.38637;0.18138;126.65;17.25182;3.42366;117.20465;30.47;0;189.4;1982-11-08;1.87;2005-08
O308432001;2.41;879.499;1.4061;3.4962;0.44593;0.40471;0.24392;127.83;16.35123;3.44954;115.26314;26.37313;0;190.66;1982-11-08;2.46;1985-09
O314101001;2.52;920.992;1.4607;2.4682;0.59301;0.57186;0.48473;139.33;6.76959;2.58824;25.34749;16.89744;0;96.93;1976-10-26;10.25;2011-09
O316501001;2.42;883.878;1.3549;3.6041;0.47126;0.43619;0.18663;133.26;13.06036;3.62778;110.14302;22.7562;0;149.65;1982-11-08;1.59;1985-09
O319401001;1.79;652.459;1.4069;3.3433;0.51602;0.49008;0.2572;137.69;10.44231;3.54902;93.75;19.57831;0;128.44;1982-11-08;2.71;2017-09
O331401002;4.65;1698.079;0.9557;2.8452;0.53417;0.5164;0.3583;129.55;7.92189;3.10769;85.33677;23.27273;0;190.54;1994-11-04;6.12;2017-09
O345431001;1.01;368.44;1.9752;3.8203;0.58549;0.58865;0.11703;140.58;9.17881;3.3913;103.94807;20.94862;0;28.17;2003-12-03;0.64;2009-09
O359402002;1.34;490.211;1.455;2.6194;0.56273;0.53298;0.44986;136.39;10.17265;2.52137;37.48364;15.98529;0;91.32;2014-11-28;3.28;1999-08
O375401001;1.07;391.128;2.412;4.2854;0.42498;0.38165;0.0283;140.39;28.69995;3.74308;141.04493;26.29379;2e-04;75.34;1996-12-07;0.2;2011-09
O400101101;2.86;1044.423;1.2678;3.3754;0.57119;0.56504;0.35155;138.87;6.83333;3.52688;96.14583;24.41799;0;124.93;1997-12-18;2.98;2009-09
O470403001;1.8;655.719;1.7556;4.5871;0.51878;0.4956;0.12147;139.33;12.39315;3.13187;121.4746;24.18615;0;60.39;2021-02-01;0.51;2003-08
O504251002;0.86;312.423;2.1597;3.2707;0.53137;0.51159;0.30708;139.79;14.61327;2.46048;88.08778;15.19718;0;27.45;1994-11-05;1.97;2011-09
O505501001;0.8;291.52;1.7372;3.4433;0.53081;0.50546;0.2733;135.53;14.82041;2.58188;89.12244;17.75299;0;15.01;1981-12-14;1.63;2011-09
O509252002;0.91;332.924;1.8349;3.4397;0.54063;0.52298;0.23648;139.65;12.19231;2.5668;96;15.74763;0;16.71;2003-12-04;1.41;2003-08
O519251003;0.99;363.307;1.7317;3.5281;0.54906;0.53817;0.26711;142.76;11.34675;2.68182;92.65872;16.16779;0;26.5;2003-12-04;1.09;2003-08
O522401001;1.03;375.063;2.244;5.2564;0.47435;0.44124;0.02114;139.87;22.66667;3.50968;142.35417;28.0041;0.0018;52.27;1981-12-13;0.09;2012-09
O528431002;0.97;353.945;1.8113;3.1317;0.55353;0.53427;0.11264;145.65;9.0587;2.41885;83.90083;12.4029;0;37.26;1981-12-14;0.61;1989-07
O529251001;0.92;336.348;1.8433;3.7474;0.53752;0.51842;0.18407;144.1;12.76453;2.98624;101.60648;15.89571;0;20.85;1981-12-13;1.33;1972-08
O534000101;1.51;552.924;1.7653;4.1851;0.57592;0.58427;0.07804;138.56;7.23394;2.65625;111.93454;22.9738;0.0031;45.96;1996-10-15;0.17;2003-07
O542402002;1.08;393.397;1.8372;2.9713;0.62695;0.62072;0.31511;149.71;4.85698;1.96154;62.99795;11.60526;0;24.42;1981-12-14;1.51;2003-08
O546431001;1.08;394.502;1.9296;3.5128;0.58302;0.57851;0.23264;146.76;9.68904;2.65854;87.89023;13.68512;0;30.56;1996-12-07;0.84;2003-08
O553401001;1.13;412.886;1.6455;3.7403;0.52221;0.49415;0.21945;141.97;12.55202;2.73684;106.83011;14.14612;0;38.78;1981-12-14;1.58;1990-09
O568501001;0.58;211.521;1.8886;4.3581;0.47356;0.4358;0.11265;146.66;21.07212;3.02048;132.02811;34.44099;0;17.7;1988-04-24;0.39;1990-09
O575402001;0.57;208.895;2.7567;4.884;0.49317;0.46479;0.03431;150.47;24.83932;3.75227;142.2961;34.04306;0.0021;18.16;1988-04-24;0;1990-08
O585401001;0.53;195.369;2.2829;5.0526;0.47329;0.45354;0.02348;149.43;22.88043;4.29502;140.44623;36.02618;0.004;17.98;1988-04-24;0.04;2003-07
O596402001;0.43;156.981;2.5826;4.7288;0.49826;0.49127;0.01947;150.31;22.72187;3.87713;140.77156;32.13699;0.0072;17.91;1996-01-10;0;1989-07
O619461001;0.53;192.381;2.6884;4.1387;0.57107;0.58368;0.04334;149.26;14.96855;4.41026;112.76452;25.65842;0.0121;6.64;1983-02-27;0;1990-08
O700151002;1.8;656.976;1.2052;3.1967;0.57992;0.57794;0.39382;144.73;6.05118;3.37143;72.1013;14.95745;0;66.52;1994-11-05;4.66;1991-08
O701151001;1.77;645.357;1.4686;3.3656;0.56793;0.57781;0.3238;143.26;6.41921;3.01515;87.35291;20.83077;0;82.79;1994-11-05;3.48;1989-10
O701581001;1.2;439.253;1.6619;3.8682;0.56403;0.55546;0.06423;147.14;6.54741;2.41228;103.85376;19.82727;0;48.34;2003-12-03;0.44;1991-09
O703501001;1.26;461.148;1.9479;3.13;0.60428;0.62311;0.29157;146.96;7.19231;3.70297;76.92308;16.39344;0;48.97;1994-11-05;2.44;2011-10
O704000101;1.41;514.128;1.7067;3.3188;0.59666;0.61525;0.32916;148.87;5.72332;3.05682;81.38179;17.54587;0;53.67;1994-11-05;2.68;2011-09
O708501001;0.89;324.858;1.7816;3.9808;0.5317;0.53457;0.04262;144.12;11.46566;3.944;110.37736;26.81356;0;50.28;2003-12-03;0.06;1990-09
O723401001;1.31;477.872;1.7735;2.9297;0.61032;0.58657;0.25937;147.18;4.37249;1.75591;61.54819;11.66914;0;45.87;1994-11-05;2.65;1990-08
O724501001;1.06;385.539;1.8623;2.7697;0.63195;0.61775;0.198;152.73;2.93992;1.90909;55.69848;9.84099;0;27.91;1994-11-05;2.05;1985-09
O726501001;1.1;402.765;1.417;2.7928;0.672;0.69784;0.22926;159.35;1.25489;1.88235;48.31308;10.90265;0;20.7;2003-12-03;2.48;1985-09
O745000301;0.95;348.311;1.9523;3.7831;0.49782;0.45577;0.11184;141.23;13.97799;2.6318;107.80164;13.475;0;33.83;2003-12-03;1.01;1985-09
O754000201;2.29;836.862;1.8309;3.3349;0.5234;0.46927;0.29167;139.14;9.77793;1.78138;90.04581;14.36879;0;73.46;1973-12-24;4.26;1976-08
O773000101;2.63;961.201;1.5011;3.1377;0.55911;0.52064;0.21075;134.64;4.02186;1.71296;83.28509;12.1619;0;65.58;1990-02-14;2.7;2003-07
O787401001;1.11;404.865;2.0676;4.2495;0.44152;0.38264;0.07788;137.41;27.04216;3.40751;130.42363;23.13208;0;33.3;1981-12-14;0.69;2003-08
O794402002;0.92;336.772;2.1586;3.3639;0.49472;0.44351;0.17341;151.66;17.51128;2.71032;99.88867;10.09326;0;57.69;2003-12-04;1.84;2015-07
O811351001;1.62;591.37;1.6495;3.0301;0.59697;0.57037;0.33038;142.97;4.54312;1.93902;62.37509;10.34597;0;53.31;1982-12-13;2.92;1976-08
O813352001;1.23;450.375;2.1915;3.3658;0.53321;0.497;0.26011;141.14;10.8197;2.71859;90.21753;15.23986;0;26.07;2003-12-04;1.93;2019-09
O825501001;0.96;349.515;2.4646;3.8785;0.49928;0.46014;0.15779;146.14;17.39286;3.34717;114.35755;28.17391;0;21.19;1996-01-10;0.35;1990-08
O839431001;0.47;170.343;1.6143;1.8357;0.73048;0.7549;0.5099;161.8;1.30769;2.61538;15.15385;10.36842;0;8.56;1977-06-18;1.33;2012-09
P009000201;1.51;552.482;1.5628;2.6736;0.63531;0.61543;0.36617;149.41;1.08897;1.58065;43.09217;9.45854;0;16.46;1994-01-06;3.82;1989-08
P011501001;3.85;1407.309;1.0621;1.9663;0.64365;0.59399;0.46845;153.63;1.0392;1.47222;11.25475;7.45455;0;57.07;1981-12-15;17.09;2018-09
P011501101;2.95;1079.25;1.3714;2.6079;0.58948;0.5452;0.37983;144.02;1.93194;1.46552;46.57108;8.36327;0;55.19;1982-01-06;7.6;1985-10
P021251001;3.4;1241.912;1.4686;2.5323;0.62035;0.57946;0.31767;144.94;1.80399;1.58621;42.90369;9.27119;0;62.8;2021-02-01;5.71;2019-08
P027251001;2.74;1000.761;2.1893;2.7688;NA;NA;NA;143.97;2.48731;1.76364;56.66965;9.91031;0;68;1988-03-18;5.78;2004-07
P036000101;2.24;818.577;1.5713;3.0694;0.55544;0.51341;0.2218;140.73;3.97808;1.68868;75.49463;11.59386;0;71.95;1990-02-14;2.33;1985-09
P071401001;1.74;634.046;1.2395;2.4739;0.69564;0.68583;0.52036;155.23;0.53337;1.71429;18.22361;7.06897;0;19.68;1994-01-06;5.8;1976-08
P088501001;2.65;968.069;1.6113;3.6841;0.48504;0.40146;0.14071;137.26;9.25158;1.93886;94.24529;12.81303;0;54.49;1982-01-06;2.45;1989-07
P115000101;2.18;796.202;1.4228;2.8947;0.61523;0.61462;0.31573;139.34;2.22239;2.38095;63.89375;10.34173;0;32.5;1994-01-06;3.16;2003-08
P142251001;3.32;1214.402;1.5016;3.1267;0.52859;0.47265;0.20048;137.64;4.60443;1.768;78.58782;13.18881;0;76.5;2018-01-04;2.73;2018-09
P171291001;3.92;1432.781;1.6002;3.4033;0.46206;0.39148;0.19327;134.68;15.29638;2.75618;92.60191;13.76676;0;93.46;1974-02-06;4.36;2003-07
P177000101;2.77;1010.217;1.6842;3.0886;0.53288;0.48677;0.21011;138.11;5.15595;1.79845;76.82807;12.57091;0;51.51;1990-02-14;4.86;1989-07
P205401001;1.68;613.247;1.7509;2.57;NA;NA;NA;147.85;2.22713;1.58065;41.61105;9.06436;0;22.62;2018-01-21;4.43;2019-09
P218431001;0.97;354.108;1.8503;4.1898;0.49224;0.45073;0.13399;138.52;18.79887;2.65854;123.17572;27.89844;0;16.65;1992-09-22;0.28;1990-08
P231502001;1.16;422.181;1.839;2.7536;NA;NA;NA;152.9;4.87846;2.5974;52.15069;19.61468;0;14.69;1992-06-06;1.11;1990-08
P301541001;2.72;993.396;1.295;2.6449;0.60464;0.57645;0.37782;136.71;2.13663;2.35;55.5751;11.16438;0;34.2;1994-01-06;4.35;1985-10
P302000101;2.68;978.416;1.5111;2.6652;0.59779;0.57431;0.37514;137.31;2.28322;2.28261;54.57984;10.20325;0;34.97;2004-01-14;3.72;1985-10
P316401001;1.38;505.269;1.8295;2.265;0.67471;0.65974;0.55016;152.55;1.63647;1.46939;10.88704;6.14103;0;18.36;1979-03-15;5.49;2019-09
P323401001;1.36;496.913;1.4831;2.4422;0.62293;0.59941;0.40597;146.69;4.71154;1.76259;32.88462;10.17857;0;21.86;1994-01-06;3.43;1990-08
P326431001;1.05;383.134;2.0249;4.9325;0.41842;0.36189;0.01359;130.24;32.1711;3.40144;150.21517;23.42908;0.0197;37.53;1992-12-07;0;1990-08
P327401001;1.1;401.733;2.029;3.0196;NA;NA;NA;138.7;13.66739;2.29741;72.43971;12.44493;0;32.6;1996-01-10;2.52;2019-09
P332251001;3.08;1125.047;1.5584;3.0905;0.55467;0.52785;0.24798;131.22;4.1967;2.32609;74.77574;13.37895;1e-04;39.67;1990-02-14;1.24;2019-09
P335251001;2.83;1032.001;1.2508;3.0705;NA;NA;NA;139.97;1.77167;1.82353;69.75241;12.08416;0;33.59;2000-11-08;4.62;2003-08
P361401001;2.41;879.966;1.5838;2.9783;0.62742;0.59789;0.26597;141.06;1.09802;1.6;65.11677;10.61022;1e-04;21.97;2018-01-21;1.46;2019-09
P367401001;1.83;669.74;1.9469;3.1326;0.59581;0.5748;0.30639;139.97;4.46875;2.23438;64.6875;11.62921;0;37.38;2001-07-06;1.88;2019-09
P392252001;1.87;683.074;1.561;2.7751;NA;NA;NA;147.28;2.12899;1.83333;36.25726;9.60684;0;26.93;2001-07-06;3.78;1970-09
P392252002;1.81;662.613;1.4571;2.7524;0.61724;0.60396;0.37843;144.77;2.17808;1.81481;49.60679;9.14754;0;28.52;2001-07-06;3.91;1976-08
P411401001;0.82;298.427;2.418;3.5642;NA;NA;NA;137.94;22.22222;3.26531;112.25;20.72308;0;33.85;1974-02-06;0.2;1975-08
P427101001;1.34;491.253;1.5052;2.5393;0.65168;0.64267;0.4137;147.9;1.67308;1.77551;32.59615;8.14904;0;14.65;1994-01-07;4.52;2019-09
P540401001;0.65;237.302;2.232;3.8757;0.43496;0.38278;0.20094;138.03;30.89859;3.99569;141.12689;20.5534;0;31.7;1999-12-28;0.79;1989-07
P571501001;0.49;177.326;2.4362;1.2436;0.54936;0.52084;0.35688;144.63;12.2053;2.12253;13.069;8.45588;0;27.72;2020-05-11;1.75;2019-08
P608151001;1.18;430.371;1.6852;2.7453;0.62849;0.60179;0.31458;146.1;3.84717;1.65289;41.78023;10.39234;0;19.18;1993-09-22;2.14;1990-08
P613402001;1.16;423.403;1.4766;2.6996;0.58415;0.5427;0.26627;137.39;7.18873;2.11009;57.57235;10.2905;0;46.32;1993-09-22;1.38;1990-08
P613402002;1.26;458.689;1.5717;2.8158;0.5959;0.55568;0.25929;141.2;5.82692;2.02;58.09615;10.45329;0;49.03;1993-09-22;1.45;1990-08
P638251001;0.82;300.058;1.957;3.305;0.56457;0.54155;0.21148;142.88;9.83301;2.45833;85.42579;16.38356;0;15.44;1996-01-11;0.72;1990-08
P700151001;1.13;413.93;1.7749;2.5083;0.62956;0.62224;0.44547;147.02;4.75;1.96032;36.82692;13.39161;0;17.1;1993-09-23;3.15;1990-08
P704151001;1.03;375.14;2.0214;2.7078;0.61517;0.60482;0.3934;146.59;5.71154;2.12143;29.80769;9.87261;0;16.21;1993-09-23;2.66;1976-08
P726151001;0.87;316.363;2.124;2.3814;0.62088;0.61049;0.28478;148.19;7.08252;3.47;35.59631;6.60606;0;10.92;1994-01-03;2.27;1998-08
P801251001;1.34;488.509;1.916;2.6754;0.65325;0.6331;0.35714;146;2.72067;1.86301;43.11062;8.04104;0;24.61;1974-02-06;1.77;1990-08
P821501001;0.67;245.801;1.9538;3.2334;0.62137;0.62768;0.20311;144.02;7.00049;2.72222;70.12735;16.20755;0;12.99;1974-02-06;0.4;1976-08
P831252001;0.86;314.034;1.8972;2.6365;0.66353;0.67435;0.3528;148.5;4.35988;3.35385;37.89896;11.34731;0;11.53;1994-01-04;2.38;2011-07
Q011571001;2.66;970.696;1.9158;1.7431;0.74101;0.76518;0.60678;177.07;0.69045;1.31818;2.09517;5.5;0;41.42;2021-12-10;18.42;2016-10
Q022402001;1.65;603.315;1.6478;1.5007;0.69445;0.66824;0.52545;167.02;1.80769;1.40299;0.65385;3.77778;0;43.33;2019-12-13;11.98;1985-10
Q028003001;1.53;557.984;2.0417;2.479;0.69004;0.7071;0.28356;169.98;1.23417;1.70588;23.57687;8.52308;1e-04;23.27;1971-02-20;4.09;1986-08
Q045001001;1.47;536.972;2.7781;2.2013;NA;NA;NA;163.76;2.78917;1.85965;36.96969;9.18301;0;23.44;2019-12-14;3.65;1995-08
Q052252001;1.74;637.054;2.0675;2.2058;0.58342;0.54595;0.45357;165.76;6.0002;1.43182;4.33347;9.57895;0;63.62;1978-02-01;6.88;1989-12
Q055401001;1.25;458.362;3.5606;4.785;0.33515;0.25401;0.01091;148.84;37.4043;2.89085;158.84297;18.25393;0.0676;66.55;1976-12-03;0;1986-07
Q219252001;0.78;283.263;2.2452;1.6958;0.53662;0.50087;0.25681;147.11;9.73063;3.52941;32.19217;14.17857;0;51.07;1981-12-16;2.02;1995-08
Q254431001;0.73;267.218;2.1217;1.8353;0.72041;0.7523;0.58889;158.59;3.03542;3.4;0;0;0;10.63;2020-05-12;6.21;2005-08
Q259331001;0.73;265.428;1.7205;1.7497;0.67954;0.67683;0.51446;155.62;3.03917;3.875;0.60783;3.875;0;12.83;1981-12-16;4.45;2003-08
Q346401001;1.32;480.656;2.7168;3.424;0.43366;0.36356;0.15273;133.83;30.95962;4.87781;119.49147;17.79635;0;23.56;1999-03-07;0.59;1990-08
Q550101001;2.79;1017.433;1.6759;1.7944;0.70038;0.67779;0.53757;180.05;0.44245;1.35714;4.56417;7;0;29.99;1974-11-28;8.3;1990-08
Q732252002;4.11;1500.494;1.5633;2.8649;0.56592;0.51046;0.37948;163.53;3.29406;1.46739;48.33725;8.32353;0;90.15;1981-01-21;10.67;1970-09
Q803251001;1.89;690.285;1.6675;3.4069;0.3503;0.26178;0.12977;139.58;30.92398;2.29894;130.81967;12.86948;0;68.97;2014-07-04;2.46;2003-08
Q916461001;3.72;1360.054;1.6359;2.2098;0.63048;0.61009;0.54077;149.29;3.6274;1.69725;0.31372;2.28571;0;63.89;2019-12-13;24.96;2019-09
R103001001;1.23;450.79;2.0509;2.7941;0.64357;0.62197;0.32023;144.56;3.63803;1.78125;42.82667;9.81951;0;18.69;1994-01-06;2.08;1990-08
R202001001;0.67;243.469;2.5948;2.6813;NA;NA;NA;141.97;9.38938;4.34328;35.0085;12.76471;0;11.76;1982-12-22;1.83;1995-08
R222001001;0.67;243.096;2.7749;3.9121;0.61032;0.64377;0.20587;136.46;13.48789;6.11628;100.95403;26.78231;0;13.02;1982-12-22;0.24;1990-08
S222461001;0.8;292.62;2.1536;3.2865;0.61519;0.63172;0.29905;144.17;7.25041;3.58763;75.69182;21;0;17.93;1974-02-06;1.41;1970-10
S224251001;0.88;320.554;2.0528;2.3493;0.73047;0.77939;0.62764;153.89;1.31265;4.5;0;0;0;11.58;2020-05-13;6.47;2003-09
U010401001;1.73;632.782;1.1338;1.4362;0.7411;0.73248;0.61605;151.22;0.17392;1.33333;0.28262;13;0;27.58;2018-03-29;17.31;1992-09
U012401001;1.43;520.899;1.4841;2.3533;0.62308;0.58359;0.45962;136.79;3.74278;1.95522;10.71408;5;0;21.87;1994-01-07;7.42;2018-09
U041501001;3.05;1114.094;1.193;2.5323;0.57894;0.52936;0.29973;129.74;3.00048;1.62069;52.19985;11.57075;0;58.84;1990-02-15;5.09;2018-09
U044431001;2.14;781.234;1.5532;2.6965;0.56785;0.51791;0.40446;133.12;5.79061;1.93023;43.76675;10.94186;0;30.5;2001-12-30;5.98;2003-08
U047401001;1.84;670.356;1.2855;2.683;0.59235;0.55768;0.38513;133.71;3.09615;2.17568;51.84615;14.04167;0;28.66;1983-05-26;3.63;2003-08
U052501001;1.52;554.383;1.9097;3.4476;0.51895;0.47783;0.29986;129.03;13.27743;2.7305;91.21766;17.17532;0;23.89;1999-10-25;2.79;2003-09
U061001001;1.32;483.242;1.6504;2.7766;0.55428;0.49807;0.26592;131.59;8.67308;3.06803;46.92308;8.47222;0;19.66;1982-12-19;2.42;2020-08
U063501001;1.03;375.641;2.0229;3.1984;0.55233;0.51742;0.31357;131.57;13.40406;2.93023;78.74353;11.93871;0;13.42;1983-05-26;2.07;2019-09
U072401001;0.98;357.458;2.115;3.3184;0.54457;0.5074;0.27356;131;13.23512;2.58621;84.11652;12.11864;0;20.31;1983-05-26;1.43;2019-09
U081501001;0.83;303.094;2.2459;3.3164;0.50557;0.44077;0.24276;137.4;17.53573;2.76842;80.34433;13.69318;0;8.26;2000-11-14;1.86;2020-09
U092401001;0.88;322.401;1.9157;3.4646;0.54803;0.54925;0.26177;128.96;19.43111;4.93035;88.13607;15.23729;0;12.39;2018-01-23;1.59;2002-09
U092402001;0.86;313.312;1.8728;3.0377;0.59612;0.60344;0.3556;132.92;12.47109;5.2562;52.76683;12.6934;0;13.13;1983-05-28;2.51;1972-10
U100401001;3.75;1370.908;1.4127;3.0108;0.49914;0.43447;0.21185;128.34;8.23607;2.02899;76.63465;13.56944;0;91.95;1990-02-15;3.42;2015-08
U103541001;1.21;440.133;1.6113;3.2476;NA;NA;NA;131.21;12.34166;2.15138;77.60247;10.68478;0;15.83;1999-10-25;1.96;2019-07
U104401001;1.69;618.695;1.6173;3.1524;0.53221;0.47727;0.31069;129.65;7.14272;2.13675;66.17013;14.38509;0;26.77;1990-02-15;2.95;2019-09
U105401001;1.6;582.987;1.6695;3.0333;0.54641;0.50233;0.33687;132.71;6.65385;2.43662;67.96154;17.32353;0;32.93;1982-12-18;3.11;2018-10
U108401001;1.38;504.884;1.6142;3.0816;0.5351;0.49521;0.26749;133.61;7.92308;3.61404;64.17308;12.88417;0;23.28;1983-05-28;2.5;2019-09
U110901001;0.91;332.497;1.7215;3.4103;0.56654;0.55614;0.20695;135.82;10.74553;4.4918;87.23881;15.34138;0;17.57;2013-05-04;0.52;2020-08
U111521001;0.73;265.995;1.959;2.5691;0.63069;0.62168;0.50433;148.11;7.33389;1.78378;29.53558;11.97297;0;18.98;2014-11-04;2.54;1978-11
U120401001;1.03;376.343;1.6565;3.5685;0.55402;0.57034;0.15425;132.1;10.43123;5.16505;98.05751;33.56376;0;20.05;2013-05-04;0.3;2020-09
U122401001;0.73;267.372;1.6311;4.8448;0.53441;0.56123;0.05587;135.43;18.71154;6.40132;130.07692;50.47761;0;9.25;2013-05-06;0.14;2018-10
U122402001;0.67;245.086;1.7038;4.769;0.56403;0.59467;0.06514;136.27;13.42308;5.7686;123.09615;36.78736;0;5.97;2018-01-07;0.23;2003-09
U123502001;0.86;313.399;1.7305;2.9303;0.59768;0.62864;0.20456;136.53;7.46154;6.25806;76.23077;13.66897;0;18.81;2013-05-08;0.69;2005-10
U201201001;2.24;817.619;1.2687;3.3816;0.43934;0.33234;0.14529;156.16;11.26923;2.12319;78.15385;7.25714;0;49.89;1990-02-15;1.98;2018-10
U202201001;1.93;705.114;1.3064;3.157;0.49818;0.44168;0.23601;151.84;6.23077;2.81739;46.73077;11.73913;0;35.24;1990-02-15;2.32;2018-11
U202202001;1.79;655.285;1.5155;3.5382;0.46933;0.39928;0.16283;147.47;7.10162;2.91781;68.21556;11.36667;0;38.18;1990-02-15;3.29;1989-09
U203502002;1.5;548.453;1.4233;3.2177;0.47122;0.38893;0.14369;143.64;5.74118;2.42188;63.85671;9.79545;0;20.62;1999-02-22;2.54;2003-08
U221502001;1.99;725.223;1.6021;3.7682;0.42864;0.33995;0.17689;138.53;16.80769;2.51149;93.73077;12.12438;0;24.46;1990-02-15;2.66;2018-10
U222541001;2.26;825.373;1.6677;3.1556;0.44573;0.37556;0.22734;135.33;18.54892;2.29213;87.31933;13.65403;0;52.12;2007-08-09;2.72;2018-10
U230521001;3.03;1108.408;1.6524;4.3943;0.43777;0.36584;0.11262;123.29;21.34986;4.70769;130.35506;16.53392;0;125.36;1990-02-15;1.23;2003-08
U233401001;1.28;468.362;1.5159;3.0646;0.48584;0.41654;0.18666;129.94;15.06092;2.64362;79.4865;9.53818;0;23.55;1990-02-15;0.76;1988-09
U234502001;4.27;1559.224;1.3632;3.2123;0.45719;0.38966;0.15842;126.91;12.63006;2.47234;87.9539;13.00965;0;137.64;1990-02-15;2.24;1978-11
U234504001;2.26;824.862;1.4881;2.8169;0.51355;0.44757;0.3027;127.47;10.60628;2.48227;56.75875;8.3991;0;56.9;1990-02-15;3.62;1989-09
U235661001;1.11;405.08;1.6657;3.2233;0.47153;0.40379;0.23459;134.47;18.21544;2.58774;90.88113;12.69863;0;32.24;2016-06-25;1;2020-09
U254201001;1.8;656.166;1.4941;2.8731;0.54238;0.49395;0.32177;140.36;4.61695;2.64634;47.25463;10.3785;0;21.56;1983-05-27;3.34;2018-10
U256502001;0.85;310.156;1.7967;5.5688;0.35192;0.25767;0.03148;131.21;58.86398;5.94613;182.22502;22.49794;0;35.82;2000-11-14;0.48;2019-08
U262401001;3.78;1378.888;1.4366;2.9588;0.50994;0.43278;0.35662;138.79;5.1024;1.68919;46.88083;11.485;0;41.66;1995-12-25;8.3;2018-10
U272201001;2;729.346;1.4194;2.9647;0.55087;0.51093;0.34055;138.28;3.19991;3.01887;52.47856;15.52663;0;20.11;1983-05-28;3.13;2018-10
U303401001;0.63;231.302;2.7887;2.8239;0.52695;0.49356;0.12727;132.75;16.89121;5.25556;76.77821;9.38865;0;8.44;2006-03-14;0.84;1991-08
U320521001;1.49;545.973;1.9323;3.015;0.59529;0.56084;0.30002;139.43;3.32251;1.9434;67.48238;9.29778;0;29.6;1996-11-13;4.15;1976-07
U321401001;0.99;360.498;2.5159;3.9695;0.52476;0.47792;0.09004;131.43;10.65261;2.94915;106.99552;13.94415;0;21.88;2005-04-17;0.3;2020-08
U322501001;0.64;233.877;2.1099;4.2344;0.51753;0.48991;0.11611;132.19;21.10141;3.72691;120.62823;18.2931;0;9.31;2016-02-13;0.18;2020-08
U341502001;1.53;559.466;1.6329;3.786;0.38395;0.27819;0.12392;127.57;29.52757;1.94376;128.90441;12.32271;2e-04;46.98;2008-12-31;0.78;2020-08
U342401001;1.25;458.018;1.6989;3.3075;0.45126;0.35132;0.13177;128.98;20.32795;3.43448;95.55769;11.28193;0;27.18;2021-07-17;1.93;1972-09
U344502001;1.33;485.773;1.98;4.255;0.3635;0.26136;0.0255;129.92;30.22222;2.22951;139.13889;11.51494;0;52.73;1993-10-08;0.59;2003-08
U401401001;0.51;185.285;1.7419;2.8002;0.48706;0.41065;0.16772;142.47;15.46876;2.35275;84.02495;11.47965;0;16.76;1983-05-16;0.79;1976-07
U430541001;0.89;323.557;1.9675;3.0984;0.55703;0.52675;0.22418;141.27;7.70507;2.14433;75.64305;8.80172;0;29.85;1989-04-26;1.76;2018-09
U450501001;1.24;453.148;1.9922;3.2537;0.59549;0.55816;0.32965;137.98;4.25484;2.06667;68.66575;9.49051;0;18.63;1983-05-17;2.89;1976-07
U452521001;0.56;204.806;2.159;1.9639;0.66869;0.65032;0.35189;152.03;1.93527;1.42857;17.41743;6.83544;0;17;2016-11-22;2.32;2019-09
U462401001;1.02;371.65;1.9918;3.6595;0.49311;0.43501;0.09943;131.18;13.20574;3.36979;101.78831;15.63323;0;34.87;2003-12-02;0.81;2015-07
U462501001;0.82;299.712;1.8865;4.3291;0.43256;0.37144;0.01285;133.28;18.3017;3.22381;124.13796;18.00784;0.0338;48.85;2003-12-02;0;2018-09
U463501001;0.57;208.46;2.5062;3.434;0.49955;0.46117;0.03916;144.37;12.75;3.7651;102.81818;14.40764;0.0012;55.11;2008-11-02;0.23;1985-09
U463661001;0.77;280.004;1.5561;3.2497;NA;NA;NA;134.86;12.07025;3.12963;90.27689;9.19273;0;37.71;2003-12-02;1.35;2005-08
U464401001;0.75;272.271;2.0032;3.3566;0.50738;0.46028;0.12448;134.77;11.00015;3.13372;87.40938;11.60705;0;35.62;1983-05-17;1.12;2018-09
V041501001;1.85;674.101;1.168;3.355;0.47037;0.39897;0.11923;135.96;11.19172;2.07857;97.18719;13.96133;0;49.58;2018-01-22;1.74;1994-07
V101503001;3.48;1270.225;1.3967;2.6543;0.58891;0.56878;0.44435;172.45;1.68625;1.36508;26.54866;8.40994;0;71.61;1990-02-15;13.9;1989-09
V101581001;4.37;1596.673;1.2474;3.3531;0.44647;0.34797;0.26212;150.9;12.74561;1.78571;81.41504;10.70103;0;106.71;1990-02-14;10.29;2018-10
V123521001;3.45;1260.768;1.3921;2.7314;0.51949;0.46608;0.27302;180.74;6.33478;1.36527;48.9834;7.73246;0;74.55;1990-02-14;7.82;1985-10
V123561001;2.47;901.829;1.6084;2.3309;0.63009;0.60698;0.48683;169.57;1.93057;1.22059;12.83946;9.51724;0;35.3;2021-12-30;10.64;2009-10
V123741001;2.09;764.269;1.6408;3.6203;0.41585;0.32062;0.04917;145.79;15.76719;1.72959;100.46352;10.58824;0.0017;44.01;1990-02-14;1.11;1998-08
V125501001;2.5;914.504;1.7448;2.8862;0.5622;0.5082;0.31842;166.36;2.8431;1.22881;49.11699;9.38202;0;49.81;1990-02-14;6.88;1989-09
V125781001;1.4;509.874;1.7966;2.8685;0.5267;0.47774;0.20439;140.36;5.61364;1.58333;61.75;9.98897;0;31.71;1991-12-22;2.06;1985-10
V132502001;1.46;533.613;2.2821;3.0224;NA;NA;NA;139.07;6.59375;1.58647;75.125;9.616;0;41.53;1990-02-14;2.48;2018-09
V141401001;0.71;257.678;1.8692;5.1517;0.31914;0.22223;0.27027;118.39;41.93989;3.24155;164.03019;18.8801;0.1095;41.24;1990-02-14;0;2004-07
V145431002;2.42;883.656;1.4124;3.4167;0.60411;0.5828;0.49173;139.89;3.47356;1.97015;79.68134;22.10219;0;35.44;1990-02-15;2.72;1989-09
V146431001;1.99;728.405;1.4435;2.7039;NA;NA;NA;138.51;1.78566;2.34375;26.68961;10.67619;0;29.55;1990-02-16;4.72;1976-08
V150401001;4.25;1552.19;1.0654;3.0535;0.51258;0.44979;0.30184;180.25;3.99982;1.34328;54.50862;9.18727;0;74.33;1990-02-14;10.11;2009-09
V151501001;3.17;1157.918;1.4795;2.9862;0.50757;0.43319;0.22058;173.15;5.06818;1.31176;65.63636;9.53135;0;103.75;1990-02-14;7.27;2009-09
V177401001;0.93;338.12;1.693;1.5949;0.75686;0.76977;0.56607;159.98;0.21569;3.66667;3.13738;8.42105;0;10.27;1993-10-09;4.72;2020-08
V211401001;2.27;828.558;1.5494;4.7345;0.35932;0.24522;0.06484;129.53;29.04665;2.53786;137.4549;13.5636;0;46.16;1999-02-21;0.38;2020-08
V241401001;4.01;1465.385;1.3995;3.6205;0.38385;0.27262;0.13209;152.13;18.73617;1.90374;104.9699;9.06591;0;115.42;1990-02-14;6.3;1985-10
V251501002;2.58;941.984;1.4492;3.8799;0.46304;0.36124;0.22288;133.93;11.96721;1.82234;94.13763;12.27826;0;50.5;1991-12-22;3.59;1989-09
V300561001;0.57;207.234;0.9894;1.0337;0.68115;0.6542;0.44789;157.67;3.97222;1.625;0;0;0;24.72;1993-10-08;5.13;1990-08
V301501001;0.58;210.874;2.3406;4.0053;0.51196;0.47408;0.01899;147.67;11.49004;3.88079;110.68479;12.82955;0.0037;39.08;2003-12-02;0.17;2018-09
V322542002;0.8;290.575;0.65;0.5717;0.88381;0.89097;0.71777;170.22;0.84864;1.21739;0;0;0;17.92;2002-11-24;15.05;2020-08
V331501001;0.83;304.874;1.8251;3.4611;0.57231;0.56479;0.09599;148;7.45656;4.1;90.56988;11.36122;0;22.64;2003-12-02;0.78;1991-08
V342431001;0.16;57.472;2.6273;2.9996;0.59002;0.56384;0.08505;160.46;6.24382;1.89344;69.14153;12.12322;1e-04;3.67;1988-10-12;0.1;1988-11
V361401001;0.77;281.18;1.3501;1.6937;0.63623;0.60589;0.35709;151.77;3.89764;1.47573;14.10331;6.70732;0;29.5;2008-09-06;3.79;2020-08
V372401001;1.1;401.962;2.1129;3.2144;0.51139;0.48794;0.02983;128.58;10.08257;3.55882;99.10357;23.47368;0.0074;70.06;2003-12-02;0.02;2003-07
V401503001;1.3;473.197;1.8349;2.8837;0.59305;0.577;0.24055;171.1;4;1.73913;70.125;13.75;0;58.37;2002-06-07;1.87;2003-07
V402501001;1.34;489.991;2.3388;6.6583;0.36283;0.31017;0.37225;124.26;29.32999;4.16568;157.85699;26.13103;0.1527;145.67;2003-12-02;0;2004-07
V414521001;2.55;932.943;1.4484;3.41;0.47354;0.43164;0.13837;120.02;15.89583;3.91282;108.83333;24.87619;0;86.45;2014-11-04;1.23;2017-09
V421401001;1.09;399.901;1.5321;3.4528;0.5437;0.53297;0.18891;151;8.89297;2.75;93.1847;22.2335;0;48.84;1994-01-07;1.26;1989-09
V422501001;1.59;580.721;1.7461;3.1839;0.58552;0.58479;0.26786;171.49;3.28576;1.78889;72.4704;15.30603;0;44.84;2003-12-02;2.16;2003-08
V422601001;3.29;1201.022;0.8208;2.7468;0.52955;0.50977;0.36494;200.8;9.79796;2.42735;44.84982;12.26415;0;56.72;1983-05-16;6.05;1978-11
V426401001;1.29;469.39;1.3914;2.9386;0.5889;0.57432;0.31668;158.23;3.875;1.73832;69.29167;15.32719;0;30.88;2003-12-02;2.63;2017-10
V441401001;0.85;310.564;2.4658;3.5696;0.53813;0.53378;0.06782;155.67;10.27972;2.54455;102.0972;22.9955;0.0086;42.33;2003-12-02;0.01;2004-09
V445501001;0.85;308.899;1.9075;2.5538;0.63792;0.66501;0.47412;164.22;8.29214;3.52212;26.52235;9.79231;0;39.93;2003-12-02;2.81;1990-08
V500403001;3.23;1179.634;1.4966;3.0403;0.43415;0.38483;0.28551;107.61;18.63759;3.88194;108.22469;22.54167;0;139.06;2011-11-04;3.49;2005-08
V504661001;2.67;973.851;1.4345;3.093;NA;NA;NA;134;11.69356;3.50833;93.85397;22.67785;0;159.02;1980-09-21;4.74;2005-08
V504881501;3.64;1330.342;1.3189;3.3553;0.41572;0.36746;0.21142;129.28;20.21365;4.11255;114.00498;23.60352;0;239.81;1980-09-21;2.86;2005-08
V542521001;2.49;909.417;2.0183;3.8296;0.29716;0.23444;0.01573;121.88;33.12919;4.30855;171.41996;26.89238;0.0042;226.4;1977-10-23;0.03;1989-08
V603501001;0.68;248.086;2.4103;3.7165;0.5154;0.49287;0.22523;145.33;18.73202;4.54438;110.51404;21.78365;0;31.07;1994-01-07;1.03;1997-09
V605201001;0.88;320.63;2.3936;2.8014;0.56098;0.54809;0.25588;152.59;9.82782;3;69.93269;15.36364;0;43.73;1994-01-07;1.14;1990-08
V711501001;1.7;619.233;1.6068;3.51;0.50378;0.48251;0.31293;135.47;14.92282;3.23333;104.51099;28.5035;0;114.47;2006-10-19;2.43;1990-09
V712401001;2.25;820.84;1.7749;3.6233;0.419;0.3727;0.21478;128.76;23.32823;3.52444;128.76122;27.18634;0;159.23;1977-10-23;1.74;2005-08
V713501001;2.28;830.971;1.5248;3.634;0.41291;0.36192;0.19264;124.88;24.33911;3.70186;128.74001;20.60458;0;167.98;1977-10-23;1.27;2005-07
W221503001;0.77;280.463;1.7115;3.6993;0.50647;0.49963;0.11364;166.03;11.29275;2.27219;97.13533;12.01091;0;21.04;1993-10-08;1.07;2000-08
W231401001;2.58;943.031;1.4268;2.5068;0.70244;0.78509;0.59453;233.06;0.26538;1.625;6.69584;15.61905;0;26.12;2008-05-26;10.08;1974-01
W233521001;2.87;1047.196;1.3013;2.2123;0.70325;0.76913;0.60493;218.18;0.23529;1.2;3.66662;9.35;0;24.61;2008-05-26;16.65;1992-02
W240501001;1.36;496.43;1.6423;2.8395;0.68081;0.69169;0.33455;172.64;0.91118;1.86364;49.27041;9.47436;0;25.47;1978-02-25;1.94;2003-09
W271000101;2.78;1016.67;0.8899;3.8217;0.70631;0.75347;0.54658;258.17;0.91672;2.44444;54.9198;15.59763;0;23.52;2008-05-27;8.95;1972-01
W331501001;0.75;275.363;2.1757;2.9844;0.48866;0.41416;0.13926;159.07;10.44059;1.81356;73.84036;9.82792;0;20.79;1996-07-08;0.75;2018-09
X001001002;2.1;767.196;1.0379;1.844;0.69728;0.78314;0.6329;239.25;2.75;3.78125;1.31818;3.86667;0;18.35;1978-06-11;10.72;2010-02
X001501001;2.92;1065.995;0.781;2.2808;0.75341;0.82814;0.67753;243.42;0.81257;4.33333;0.34378;2.75;0;31.21;2008-05-27;18.27;1985-03
X031001001;1.92;699.718;1.2935;1.8771;0.73634;0.82694;0.68385;239.04;0.56002;4.66667;0.12;1.2;0;17.41;1978-06-11;14.95;2005-02
X043401001;1.58;576.993;1.5221;2.2889;0.65757;0.75778;0.53975;237.65;5.46801;4.35593;16.23381;10.17333;0;26.76;2008-05-30;5.54;2008-01
X045401001;1.85;674.307;1.1752;2.2424;0.67462;0.7595;0.59955;231.8;2.70585;2.875;5.37248;7.61111;0;18.05;1994-11-05;9.32;2006-02
X142000101;0.97;354.271;2.0497;3.2643;0.55353;0.54471;0.24668;150.03;9.65755;2.69853;76.68145;13.12613;0;35.4;1999-10-21;1.92;2017-08
X211401001;1.48;538.837;1.6735;2.3329;0.65237;0.68678;0.47116;175.3;2.62575;1.96875;26.32001;10.525;0;55.82;1976-11-12;2.43;2013-09
X230501001;0.89;323.631;2.3435;4.0243;0.44988;0.40376;0.08897;132.03;22.28697;4.29518;129.87709;26.13208;0.0022;77.3;2019-11-23;0.09;1985-11
Y020401001;2.15;783.466;1.1779;1.8975;NA;NA;NA;201;1.90507;2.05128;0.21432;4.5;0;58.54;1982-11-08;18.29;2008-10
Y024521001;1.16;423.01;1.9911;3.4528;NA;NA;NA;137.52;30.07045;6.68254;151.39983;18.98209;0.0016;109.56;1987-12-04;0.23;1987-09
Y025404001;1.39;507.894;1.9128;2.1211;0.56753;0.54677;0.33309;157.7;7.16176;2.84615;34.84102;7.82609;0;84.23;1977-10-19;4.25;1986-07
Y028406001;0.98;359.316;1.9842;2.7674;0.46025;0.42776;0.12634;141.4;13.02877;4.26364;86.28434;15.7665;0.0013;75.82;1996-12-09;0.43;2008-08
Y062402001;1.07;389.463;1.776;3.1415;0.59035;0.59742;0.36172;159.3;10.3125;2.92899;74.89583;18.4359;0;83.64;2020-01-22;2.08;2008-10
Y065501001;0.54;198.808;2.3391;3.0959;0.4491;0.40242;0.16767;141.58;18.937;4.58763;113.26027;16.95223;0;91.01;1999-11-13;0.77;2008-08
Y113501001;0.72;264.505;2.1765;3.5259;0.45894;0.41747;0.23088;156.56;22.18291;3.67456;113.77225;20.41667;0;61.75;2020-01-22;0.96;1996-09
Y122501001;0.56;204.795;2.1069;5.1301;0.40342;0.35707;0.06021;157.53;36.60407;4.98101;167.76477;40.98864;0;73.51;1999-11-13;0.4;1989-10
Y132501001;0.3;109.686;2.8679;3.2582;0.55057;0.52858;0.15861;169.07;25.78487;5.55385;99.04439;9.67442;0;6.76;1973-02-25;0.32;1989-07
Y141502001;0.93;340.371;2.1746;4.4919;0.54663;0.55104;0.10083;150.18;12.34915;4.79612;121.69167;24.34;1e-04;68.44;2018-10-15;0.26;2003-08
Y152401001;0.72;263.655;2.1326;3.5621;0.47143;0.44242;0.22306;147.75;24.03571;4.42763;124.17857;23.33557;0;45.1;2013-03-06;1.22;2016-09
Y252002001;1.9;694.139;1.4427;3.4933;NA;NA;NA;133.57;15.40683;3.33333;105.46921;25.33766;0;99.79;1970-01-09;3.52;2005-08
Y320002001;1.63;597.181;2.0664;5.1422;0.44089;0.40507;0.09816;131.56;26.52411;6.25641;152.25272;43.76875;0;176.88;2002-12-12;0.45;1979-08
Y400201001;0.35;129.548;3.4895;5.8276;0.38018;0.33064;0.01571;152.16;66.60766;9.37407;210.63917;29;0.0114;35.26;1978-01-16;0.01;1970-08
Y460402001;0.62;225.457;2.0881;4.0814;0.45167;0.4143;0.10123;123.45;24.58915;5.02667;144.90424;21.29393;0;49.59;1972-12-28;0.4;1970-09
Y461502001;0.69;251.41;2.088;3.4746;0.45632;0.41237;0.10856;132.32;25.98283;4.7491;135.52254;21.26462;0;49.97;2014-01-19;0.2;2007-09
Y500521001;0.34;122.432;2.3782;2.155;0.63047;0.6387;0.44143;155.67;12.00446;3.62069;21.26504;15.82979;0;23.97;2011-11-06;0.5;1990-10
Y503201001;0.57;209.207;2.3111;2.2875;0.67418;0.68376;0.57663;158.06;9.78709;4.84211;20.06354;33.67857;0;21.17;1978-01-17;2.08;2007-12
Y510501001;0.93;339.367;1.9501;2.1863;0.63067;0.62546;0.52198;143.47;10.86989;3.33333;28.67477;13.05941;0;45.13;1978-01-17;3.3;2005-07
Y510661001;0.54;196.109;2.8483;6.2226;0.52017;0.51239;0.03791;132.09;48.54848;12.4186;175.03362;52.38776;0.161;27.63;2014-01-19;0;1990-01
Y521502001;0.9;328.356;2.2677;5.9969;0.30536;0.24017;0.00746;117.52;44.58298;5.05541;192.85163;24.37647;0.1138;114.91;2019-11-23;0;1982-07
Y523501001;0.65;239.131;2.3917;2.4282;0.66658;0.67491;0.40578;150.14;6.72448;2.20979;59.98833;23.29752;0;31.81;2019-11-23;0.2;2007-10
Y531201001;0.64;234.602;2.4199;2.2387;0.60212;0.58693;0.47369;136.93;11.72448;3.33775;38.10455;19.73494;0;37.83;2011-11-06;1.78;1981-08
Y532501001;0.7;255.296;2.6236;3.86;0.24891;0.17466;0.01094;118.27;46.00573;6.04179;228.5739;35.91429;0.0637;174.78;2019-11-23;0;1990-08
Y542401001;0.72;263.811;2.7193;16.6828;0.31221;0.25162;0.34413;123.12;101.1317;16.19903;218.35598;36.025;0.2794;41.42;2019-11-23;0;1992-01
Y543501001;0.71;260.807;2.5377;11.4844;0.28177;0.20551;0.31444;123.2;73.31089;13.01931;234.08612;40.93916;0.3224;156.63;2012-12-14;0;2002-01
Y550541001;0.97;352.525;1.7793;3.8031;NA;NA;NA;107.13;50.44309;6.46795;240.66705;41.86087;0.1079;159.05;2019-11-23;0;1993-02
Y561501001;1.61;589.579;1.7199;3.0894;0.53877;0.51218;0.43506;130.74;13.17352;3.10769;77.12814;20.74854;0;58.76;2011-11-06;3.14;2004-08
Y604201001;1.82;665.438;1.363;1.9139;NA;NA;NA;187.97;1.41205;1.37143;0.52952;4.5;0;34.42;2011-11-05;13.43;2007-10
Y643401001;1.38;503.398;1.7336;2.6909;0.58945;0.57403;0.4577;142.35;9.49597;2.66875;26.79775;12.95699;0;62.29;1970-01-12;4.53;1990-09
Y661401001;1.42;518.121;1.6073;2.538;NA;NA;NA;171.66;5.00101;2;31.7711;13.67089;0;74.93;2002-11-15;3.06;2007-10
Y781000101;1.45;528.414;1.3088;4.2543;0.37525;0.2906;0.04418;123.54;24.68828;2.18103;135.0537;15.507;0;166.57;1992-10-21;0.32;2017-08
Y862000101;1.89;690.64;1.5044;3.0156;NA;NA;NA;143.48;3.72766;1.48193;54.9754;14.28346;0;42.65;2016-12-20;5.43;2003-08
Y881000102;2.27;829.401;1.6023;3.6337;0.5582;0.54672;0.43386;140.71;11.92148;2.35938;94.10865;17.70297;0;132;1993-10-31;4.03;1987-09
Y902000101;2.74;1000.783;1.1904;3.4393;0.51;0.46926;0.24059;135.12;9.22785;1.88837;95.64231;17.2459;0;129.07;1972-02-18;2.45;1990-09
Y960000102;2.23;816.162;1.7233;3.7681;0.34639;0.28346;0.18332;113.15;25.78571;3.12554;148.82143;24.22674;0;561.1;1993-10-31;1.74;1991-08
